119.65405856881463,121.82055850174409,130.5749665766598,27.745273983360818,1
119.65405387306495,121.82055380604899,130.57598710020102,27.74522998572892,2
119.65405381836578,121.82055375140416,130.5754768384304,27.74529453989201,3
119.65406058855245,121.8205605216453,130.57598710020102,27.74529124988903,4
119.65405724995658,121.82055718310396,130.57598710020102,27.745287943752103,5
119.65405811991712,121.82055805311894,130.57598710020102,27.745311893484566,6
119.65405033439255,121.82055026764885,130.57598710020102,27.74532225096029,7
119.65405108085864,121.8205510190903,130.57647684452246,27.74631507844872,8
119.65404883387761,121.82054877120446,130.57582375815517,27.746107919519595,9
119.65405268980615,121.82055262622778,130.57638648407715,27.745968725983495,10
119.65405327298198,121.82055320849864,130.57651805858953,27.745774486666463,11
119.65405086163854,121.82055079625044,130.57572329181306,27.745566136249312,12
119.65405285597494,121.82055278968173,130.57588567835907,27.745412253613136,13
119.65404745047545,121.82054738327751,130.57550797428226,27.745175644013027,14
119.65405020954529,121.8205501414421,130.57614539588525,27.745034802343454,15
119.65405420733852,121.82055413833046,130.5755725934967,27.7448523688059,16
119.65406636252098,121.82056629260786,130.57506725236567,27.74472466298414,17
119.65406526042808,121.82056518961014,130.5752209363256,27.744486388894256,18
119.65405754348713,121.82055747176423,130.5745968755894,27.74434426688567,19
119.65406005672641,121.82055998409865,130.5745778466757,27.744132740712164,20
119.65405951845169,121.8205594449186,130.57456062997255,27.744045273811587,21
119.65405695969805,121.82055688526012,130.57438055767454,27.74384687145243,22
119.65405604360194,121.82055596825909,130.57421612122582,27.743661908110152,23
119.6540535483289,121.82055347208113,130.5739146882872,27.74349046102479,24
119.65405880681416,121.82055872966131,130.57392674312013,27.743332518800617,25
119.65405235503347,121.82055227697576,130.57379876259915,27.74313256990132,26
119.65405405350968,121.82055397454707,130.57341227793768,27.74297393306323,27
119.65406528560689,121.82056520573906,130.57357021853397,27.742842850662452,28
119.65406086181407,121.82056078104162,130.57296877296787,27.74262782163969,29
119.65405293837205,121.82055285669453,130.57313095850233,27.742454223791185,30
119.65405909192904,121.82055900934637,130.57293258729104,27.742350156309122,31
119.65405969829806,121.82055961481056,130.5726335492824,27.74216190884159,32
119.65405669017841,121.8205566057859,130.57257190336838,27.742001288008527,33
119.65405323110237,121.82055314580505,130.5723011000462,27.74181231996644,34
119.65405569984779,121.82055561364545,130.57225245386454,27.74165097910274,35
119.65405177887011,121.82055169176276,130.5721060567647,27.741503396363846,36
119.6540508096558,121.82055072164373,130.57186977345899,27.741285176432847,37
119.65406304750691,121.82056295858958,130.57155074535163,27.741235413018885,38
119.65405508259423,121.82055499277213,130.57152632832984,27.741002365607613,39
119.65405714282493,121.82055705209761,130.57150315679516,27.74089579567926,40
119.65405994045221,121.82055984882018,130.57095171709793,27.74073251763105,41
119.65405273355007,121.82055264101308,130.57094331227313,27.74055475191218,42
119.65405429306402,121.82055419962217,130.57076706108145,27.740376618467604,43
119.65406026196239,121.82056016761521,130.5706810055155,27.740311434598542,44
119.65405923278695,121.82055913753511,130.57043803017075,27.74009010576492,45
119.65405262060169,121.82055252444493,130.57036290130875,27.739910951390154,46
119.65405694454425,121.82055684748232,130.57013700157,27.739830837672947,47
119.65406043491933,121.82056033695244,130.5700712638829,27.739665234795915,48
119.6540569845355,121.82055688566375,130.5699343801907,27.73948503250195,49
119.65406252359422,121.8205624238176,130.56965826651214,27.73933295187629,50
119.65405633711273,121.82055623643106,130.56960580162377,27.739194858608585,51
119.65405539619317,121.82055529460658,130.5693466259101,27.73905644519942,52
119.654054871027,121.82055476853535,130.5693702690667,27.73890343827961,53
119.65405063611178,121.8205505327152,130.569125053669,27.738764422603335,54
119.65405893392848,121.82055882962679,130.56915186139247,27.738625098092694,55
119.65405039980573,121.82055029459917,130.56898390423353,27.73845682234656,56
119.65405884534385,121.82055873923244,130.56869492251562,27.73831688960386,57
119.65405342188349,121.82055331486715,130.5684782699616,27.738176672761547,58
119.65405686510823,121.82055675718684,130.56845290620177,27.73803612808182,59
119.65405292688884,121.82055281806262,130.56824750879696,27.737866502371304,60
119.65406103843053,121.82056092869921,130.56810814763122,27.73776859781464,61
119.65405687248538,121.82055676184915,130.56808998086933,27.737583869542334,62
119.6540588091191,121.820558697578,130.5678427088643,27.737442099492952,63
119.65405810503445,121.82055799258828,130.56777272702737,27.737314500985512,64
119.65405602942644,121.8205559160755,130.56753794774693,27.73714318737325,65
119.65406183555454,121.82056172129865,130.56736508086888,27.737015004825825,66
119.65406194409317,121.82056182893206,130.56730536861932,27.736930070992702,67
119.65405895267028,121.82055883660435,130.56719422270726,27.73674325911063,68
119.65405501890842,121.82055490193748,130.5670862794715,27.73661421630005,69
119.65405762071096,121.82055750283514,130.5669297573568,27.736455783892808,70
119.654061083058,121.82056096427736,130.56667572572928,27.736311578993618,71
119.65405618931625,121.82055606963056,130.56657949547483,27.736196262785413,72
119.65405526620277,121.82055514561186,130.56663457529925,27.73608068250739,73
119.65405505285315,121.82055493135763,130.56629705408807,27.73590636412239,74
119.6540561552893,121.82055603288876,130.5662097254782,27.7357755768561,75
119.6540555359408,121.82055541263554,130.5659818861814,27.73560056586836,76
119.65405520162919,121.82055507741863,130.5659478852162,27.735542520176203,77
119.65405933694342,121.82055921182784,130.56591476972008,27.73539622547181,78
119.65405967978936,121.82055955376896,130.56565351142135,27.73526431371159,79
119.65405982446283,121.82055969753762,130.5654440191722,27.735117423586466,80
119.65405679972741,121.82055667189734,130.56541835721498,27.734925963609662,81
119.65405729852138,121.82055716978638,130.56517272623347,27.73482263851941,82
119.65405514728741,121.82055501764741,130.56510736404627,27.73468953919013,83
119.65406096682275,121.82056083627768,130.56500046990303,27.734585708190476,84
119.65405795527458,121.82055782382464,130.56489610690946,27.73442245601862,85
119.65405777413798,121.82055764178332,130.56466796609874,27.734258829657186,86
119.65405883005576,121.82055869679604,130.5645698273267,27.734154205745227,87
119.6540566666279,121.82055653246331,130.56443280414143,27.73400477764946,88
119.65405328403762,121.82055314896786,130.56438016208764,27.733914502832526,89
119.65405872475803,121.82055858878361,130.56416789282775,27.73373472233203,90
119.6540609552751,121.82056081839558,130.56407956904604,27.733643967734753,91
119.65405902316463,121.82055888538024,130.56395382604362,27.733493299630002,92
119.65405578283712,121.8205556441477,130.56383080543048,27.733387160926064,93
119.6540605721391,121.82056043254487,130.56367189963328,27.733235887171592,94
119.6540534157574,121.8205532752585,130.56347825961473,27.73305436976746,95
119.65405772682391,121.82055758542003,130.56328865957434,27.73296234871447,96
119.65405911171467,121.8205589694058,130.56325215738295,27.732825124826928,97
119.65406186209916,121.82056171888522,130.56314257016302,27.732732644596904,98
119.65406275926063,121.82056261514163,130.56310826947322,27.73260987675799,99
119.65405987603621,121.82055973101255,130.5628937744414,27.732441710706034,100
119.65406269692082,121.82056255099212,130.562719352936,27.73236356970474,101
119.65405970412414,121.82055955729054,130.56265475269004,27.73220985194078,102
119.65406039144284,121.82056024370452,130.56245090775772,27.73205573441929,103
119.65405817828344,121.82055802964005,130.56235534684555,27.731961800452257,104
119.6540616907961,121.82056154124774,130.56226160334492,27.73183735758728,105
119.65405723235264,121.82055708189958,130.56206723302708,27.73168234305592,106
119.65406179221958,121.82056164086165,130.56197793699192,27.731526966825765,107
119.65405927847947,121.82055912621648,130.56189030947507,27.731432031331025,108
119.65406092901314,121.82056077584534,130.56173788321706,27.731291215952048,109
119.65405791232887,121.82055775825619,130.56158824271142,27.731165338448122,110
119.65405804054008,121.82055788556244,130.56147388926522,27.73105441659999,111
119.65406155679682,121.82056140091447,130.56129697782438,27.730897475721232,112
119.6540595375562,121.82055938076881,130.5612512595381,27.730770728658847,113
119.65405859056757,121.82055843287553,130.56098420533243,27.730643707373964,114
119.65405209670881,121.82055193811195,130.56087906438347,27.730485776086056,115
119.65406076153594,121.82056060203412,130.56080695648131,27.730358123778885,116
119.6540579475118,121.82055778710516,130.56064329398728,27.730230182937074,117
119.65405515679602,121.82055499548427,130.5605744097674,27.730148056245017,118
119.65405828642173,121.82055812420526,130.56044586340568,27.729973471829915,119
119.65405732229922,121.82055715917804,130.56028931251313,27.729813870980106,120
119.65406100920481,121.8205608451784,130.56022505387273,27.729761818995666,121
119.65405766844158,121.82055750351032,130.56013218730817,27.729617066177788,122
119.65405688733782,121.82055672150193,130.559923190843,27.729456550715366,123
119.65405149405005,121.82055132730954,130.55968837595069,27.729311096408868,124
119.65406199817022,121.82056183052475,130.55960204045127,27.729196302110743,125
119.6540618016446,121.82056163309426,130.5594596468832,27.729081237348158,126
119.65405905332851,121.82055888387345,130.55934800178858,27.728903866228997,127
119.65405746611054,121.82055729575058,130.5592380658864,27.728788177778327,128
119.65405542836767,121.82055525710298,130.5590737764919,27.72864120044369,129
119.65405984405339,121.82055967188397,130.55888417802942,27.728509419281828,130
119.65405716725553,121.82055699418135,130.55875269013467,27.72836171599303,131
119.65405643397362,121.82055625999453,130.55867803137508,27.728229317534613,132
119.65405826594832,121.82055809106431,130.55857731055286,27.72811226834777,133
119.65406022194887,121.82056004616038,130.55828906587695,27.727963604156738,134
119.65405835454251,121.8205581778493,130.55816590316698,27.727799008594737,135
119.65405621355812,121.82055603596041,130.55799135420042,27.72760261205329,136
119.65406024358373,121.8205600650809,130.55797779425518,27.727499964323215,137
119.65405984080608,121.82055966139848,130.55778092034308,27.727397131279506,138
119.65405381908745,121.82055363877504,130.5577170206016,27.72723108814091,139
119.6540569400271,121.82055675880991,130.5575765223978,27.727096185198253,140
119.65406329311875,121.8205631109971,130.55733536602037,27.726929434581514,141
119.65406005592342,121.82055987289723,130.55717403913945,27.72673070663641,142
119.65405563554273,121.82055545161198,130.55698969267993,27.72656317109884,143
119.65405776943886,121.82055758460325,130.55685813657465,27.72645853280999,144
119.65405812439467,121.82055793865443,130.556703451958,27.726290239118413,145
119.65406236808747,121.82056218144301,130.55645176225798,27.726058145412473,146
119.65406174676889,121.82056155921956,130.5563511910334,27.725936737992768,147
119.65405947343753,121.82055928498383,130.55615418051397,27.725719561504384,148
119.65405823227763,121.82055804291946,130.5559598146374,27.72553375793165,149
119.65405653884525,121.82055634858222,130.55586454733617,27.725411311939187,150
119.65405811444872,121.8205579232814,130.5556028137016,27.725208804242456,151
119.65405790136826,121.82055770929642,130.55546353865142,27.725005808605776,152
119.65405743770901,121.8205572447328,130.55523149684726,27.724818337757274,153
119.6540573478916,121.8205571540112,130.55497898113308,27.724582422002815,154
119.6540587958105,121.82055860102568,130.55482310690252,27.724361952594673,155
119.65405803792636,121.82055784223714,130.55459964584097,27.72418924614892,156
119.65405895459331,121.82055875799995,130.5543559928339,27.72393568349197,157
119.65405834033588,121.82055814283794,130.5542070359613,27.7237620673401,158
119.65405869338564,121.82055849498397,130.5538551493572,27.723459081486826,159
119.65405773428239,121.8205575349763,130.55373381427992,27.723219969841,160
119.65405435438738,121.82055415417747,130.55338926697775,27.72294805709001,161
119.65406114269483,121.82056094158092,130.55309363847778,27.722691665070933,162
119.65405778400353,121.8205575819861,130.55275726061373,27.72232136892604,163
119.65406066432531,121.8205604614037,130.55255737773413,27.722063729168777,164
119.65405626047664,121.8205560566514,130.55218449120784,27.721756872037226,165
119.65405542346906,121.82055521874047,130.55179431379815,27.721367938655195,166
119.65405642192277,121.82055621629046,130.551495500469,27.721043345658714,167
119.65405676963428,121.82055656309866,130.55104951423317,27.72068545400199,168
119.6540577573668,121.820557549928,130.55067300835591,27.720245121558314,169
119.65405874319426,121.82055853485232,130.55023712721467,27.719836603193443,170
119.65405582239428,121.8205556131497,130.54976408194082,27.71929628248388,171
119.65405826651345,121.8205580563661,130.54925444056545,27.718820343215572,172
119.65405881072485,121.82055859967501,130.54872985776163,27.718277802360817,173
119.65405708300563,121.82055687105353,130.54814892944597,27.717701225001893,174
119.65405815332619,121.82055794047248,130.54742993048188,27.717024925078572,175
119.6540551855684,121.82055497181321,130.5467603021485,27.716264875857348,176
119.65405482913044,121.82055461447429,130.54591431603706,27.7154868247737,177
119.65405771158413,121.82055749602745,130.54503723489773,27.71459174059346,178
119.65405637975239,121.82055616329616,130.54394767924586,27.713546265507073,179
119.65405347742278,121.8205532600677,130.54272961053914,27.71238285667744,180
119.65405470913821,121.82055449088456,130.54154518966268,27.711101493054276,181
119.6540557026411,121.82055548349066,130.53997625027722,27.709552335352928,182
119.65405352501365,121.8205533049679,130.5381281244122,27.707751569136956,183
119.65405777079329,121.82055754985366,130.53608401790584,27.705648479902717,184
119.65405998627261,121.82055976444245,130.53337778129136,27.70299292204761,185
119.6540560093592,121.82055578664199,130.53007861942748,27.699683463476312,186
119.65405574167188,121.82055551807224,130.5259835183335,27.6955357229139,187
119.65405463898219,121.82055441450836,130.52037408046624,27.689930233066857,188
119.65405702027444,121.82055679493885,130.51256679441974,27.682079481920887,189
119.65405963853452,121.82055941236027,130.5005600235735,27.6701414452964,190
119.65405821812273,121.82055799115662,130.4802182983952,27.649779474707927,191
119.6540579665508,121.82055773891784,130.43749557157943,27.607021290459237,192
119.65405635217148,121.82055612449227,130.28368905486738,27.45323103482541,193
119.65405605827576,121.82055583086586,130.07427573563618,27.243792170800607,194
119.65405547607568,121.82055524567946,130.44653160694511,27.616032672646625,195
119.65405803015872,121.82055779850651,130.50923340720254,27.67882774890799,196
119.65405534032604,121.82055510762473,130.53492819916676,27.704496904517764,197
119.65405775352836,121.82055751985243,130.54725209394505,27.716857051058074,198
119.65405803324366,121.82055779863774,130.55167502645537,27.721183046211376,199
119.65405811583324,121.82055788032136,130.5517150042676,27.72133326481239,200
119.65405723939331,121.82055700297917,130.55117957656188,27.72075942328084,201
119.65405890178133,121.8205586644708,130.54959334087644,27.719168318396477,202
119.65405658176101,121.82055634355592,130.54766629661978,27.717284157610393,203
119.65405912328514,121.82055888418364,130.54611264111608,27.71568354005615,204
119.65406033123625,121.8205600912365,130.54489155200864,27.71441850540221,205
119.65405930069217,121.82055905979237,130.54394550253934,27.713507417274098,206
119.6540585818204,121.8205583400182,130.5434453781187,27.712986174853654,207
119.65405762092637,121.82055737822034,130.54319339414377,27.712719215467548,208
119.6540564868798,121.82055624326857,130.54315135642247,27.712724915215194,209
119.65405692232574,121.82055667780772,130.54341971138152,27.712969980433908,210
119.65405782707465,121.82055758164896,130.54380540464592,27.713404083066486,211
119.65405694967922,121.82055670334456,130.54444338452637,27.714027972229623,212
119.65406137241592,121.82056112517174,130.54516020604035,27.714773599719354,213
119.65405880634367,121.82055855818933,130.54600550062165,27.7155896701581,214
119.65405841097909,121.82055816191432,130.5469102053596,27.716442118592752,215
119.65405750654362,121.82055725656818,130.5478232251947,27.71736583109835,216
119.65405862712552,121.82055837624004,130.54861113316926,27.718188128061982,217
119.65405701344064,121.82055676164629,130.54920930986185,27.718787503803274,218
119.6540573854915,121.82055713278963,130.5495873443143,27.71914604733266,219
119.65406002439985,121.82055977079189,130.54971542914188,27.719263094770415,220
119.65405801137791,121.82055775686493,130.54962974542795,27.719224957588658,221
119.6540580170365,121.82055776162133,130.54910563045436,27.718668142072357,222
119.65405686271619,121.82055660639332,130.54950958827027,27.719044834034168,223
119.65405818224227,121.82055792501502,130.54932929003013,27.718885126896243,224
119.65405981930752,121.82055956117635,130.54903811984528,27.71869048933435,225
119.65405875154407,121.82055849250912,130.5487976070701,27.718390456172884,226
119.65405602156106,121.82055576162283,130.54847952430913,27.718001990723046,227
119.65405589684907,121.82055563600755,130.54810070534904,27.717682579775506,228
119.65405617155349,121.82055590980823,130.54781997024395,27.71741496172527,229
119.65405836183444,121.8205580991857,130.5475259267253,27.717076041141503,230
119.65405604861745,121.82055578506497,130.5472657167696,27.71678893258786,231
119.65406130150548,121.82056103704898,130.54702329671292,27.71658916762395,232
119.65405720258806,121.82055693722714,130.54687611949558,27.716424068841718,233
119.65405763325475,121.82055736698929,130.5467301716699,27.716293851797598,234
119.65405533132625,121.82055506415647,130.54653924714358,27.716145452046323,235
119.65405678725013,121.82055651917504,130.54657992226794,27.716085327929356,236
119.65405733250019,121.82055706352084,130.54634541716786,27.71597171671663,237
119.6540560530599,121.82055578317554,130.54632572230986,27.715875477307677,238
119.65405855739989,121.82055828661039,130.5462607743107,27.71586806394141,239
119.65405758267968,121.82055731098512,130.54622649724527,27.71580706823094,240
119.65405648212395,121.82055620952448,130.54616249560485,27.715728040523523,241
119.65405672184346,121.82055644833902,130.54609901049523,27.71566670721231,242
119.65405762918303,121.82055735477383,130.54599135131198,27.715587246188115,243
119.65405938401454,121.82055910870028,130.54595874862693,27.715525497966677,244
119.65405847601546,121.82055819979576,130.54597069736326,27.71555336469643,245
119.6540565158436,121.82055623871882,130.54592373465044,27.715509437687796,246
119.65405612221561,121.820555844186,130.54584784812135,27.715411320171818,247
119.65405695448413,121.82055667554957,130.54580173302057,27.715330987427063,248
119.65405497557484,121.82055469573517,130.54574147431995,27.715322710816636,249
119.654057657616,121.82055737687149,130.54563827579364,27.715260110896075,250
119.65405693484293,121.82055665319318,130.54566565108166,27.715197373558112,251
119.65405856245441,121.82055827989984,130.54556356034902,27.715134469614796,252
119.6540573154107,121.82055703195101,130.5455052028659,27.71512585696829,253
119.65405692677548,121.82055664241054,130.54553278296592,27.715062741560118,254
119.65406009875193,121.82055981348222,130.54541823130472,27.714999403921563,255
119.65405662900532,121.82055634283066,130.54536112582483,27.71493593479528,256
119.65405729140117,121.82055700432163,130.5452762894128,27.714872256051546,257
119.65405663660908,121.82055634862458,130.5452201869607,27.714808483784214,258
119.65406027172523,121.8205599828358,130.545164505812,27.714726192178652,259
119.65405802064011,121.82055773084578,130.54509533617937,27.714662025093915,260
119.65405766322691,121.8205573725274,130.54508215204825,27.71461604090249,261
119.65405730964248,121.82055701803796,130.5450414523818,27.714551539652533,262
119.6540534884401,121.82055319593086,130.5449185024831,27.71448688687371,263
119.65405748820876,121.82055719479456,130.54487872558514,27.71440361334062,264
119.6540592869673,121.82055899264829,130.5447846327174,27.714338572929925,265
119.65405580324781,121.82055550802403,130.54469124221845,27.714254872640783,266
119.654055676499,121.82055538037001,130.54469343134585,27.714207947307965,267
119.65405967440819,121.82055937737456,130.54454706973297,27.714142386761814,268
119.65405640210109,121.82055610416232,130.54454977336164,27.714076637313816,269
119.65405917792665,121.82055887908331,130.54440502525551,27.71399211241711,270
119.65405815961489,121.82055785986658,130.54435482620772,27.713925988728896,271
119.65405775630198,121.82055745564855,130.5443315924897,27.713878286260783,272
119.65405852585138,121.82055822429345,130.5442024845818,27.713755803535285,273
119.65405788826202,121.82055758579881,130.54417997510868,27.71376375691054,274
119.654057079034,121.82055677566584,130.5441181561508,27.713715617549333,275
119.65405729807779,121.82055699380466,130.54406988447235,27.713648578337423,276
119.6540561685592,121.82055586338129,130.54398277634897,27.713562648878696,277
119.6540565090022,121.82055620291933,130.54396137780893,27.713457665960185,278
119.65405654133271,121.82055623434483,130.54388824719052,27.713446378188458,279
119.65405701715665,121.8205567092637,130.54385440396604,27.713397396507222,280
119.65405692971451,121.82055662091685,130.5437564165564,27.71331058645425,281
119.65405903477888,121.82055872507605,130.54372327687395,27.713299017383573,282
119.6540546122029,121.82055430159545,130.54361365210497,27.71319287604725,283
119.6540591449728,121.82055883345996,130.5436194651082,27.7132189427759,284
119.65405468930174,121.82055437688378,130.5435998349672,27.71316925672209,285
119.65405698089141,121.82055666756897,130.54345382479536,27.71306243422898,286
119.65405694600841,121.82055663178082,130.54344752277228,27.713012377942555,287
119.65405870317794,121.82055838804507,130.54345382432004,27.712981202896234,288
119.65405552951017,121.82055521347294,130.54328479609308,27.712873688163473,289
119.65405778352039,121.82055746657794,130.5432791389803,27.712842238463946,290
119.6540564785238,121.82055616067683,130.54316162097746,27.712715170260022,291
119.6540548778687,121.82055455911731,130.54300774165318,27.71260691142848,292
119.65405773479868,121.82055741514203,130.5430154614989,27.712575053791667,293
119.65405740758241,121.82055708702104,130.54292468293926,27.71248559015958,294
119.65405631249199,121.820555991026,130.54280999667435,27.712395924407193,295
119.65405871590222,121.82055839353156,130.54270833396498,27.71230607785359,296
119.6540560875063,121.82055576423231,130.542425092663,27.711986926278726,297
119.65405710935157,121.82055678518921,130.53987502790872,27.709416225228466,298
119.65405574668567,121.8205554216006,130.54249212067643,27.71205437354809,299
119.65405958375865,121.82055925776854,130.54247722668305,27.71198256889308,300
119.65405753615673,121.82055720926247,130.54225813569175,27.71187205215131,301
119.65405725347102,121.82055692567165,130.5422441742713,27.711819487382904,302
119.65405615119113,121.82055582248749,130.54209896026643,27.71165012845001,303
119.65405793916787,121.82055760955926,130.54203801503695,27.71161661845806,304
119.6540572105699,121.82055688005653,130.54194189652364,27.711563571926074,305
119.65405921509257,121.8205588836745,130.54187004568297,27.711451733437308,306
119.65405805129744,121.82055771897448,130.54183403299598,27.711339631098383,307
119.65405698641484,121.82055665318727,130.54170426228208,27.71128592495299,308
119.65405900232403,121.82055866819219,130.5415519191952,27.71113401866687,309
119.6540561067979,121.82055577176158,130.54143556392856,27.71100125833334,310
119.65405644730745,121.82055611136667,130.54128506142513,27.71092715873343,311
119.65405760134561,121.82055726449941,130.54133266796003,27.710892204122636,312
119.65405849247301,121.82055815472243,130.54119500495503,27.71075850983475,313
119.6540579943156,121.8205576556604,130.54110432347446,27.71064418319367,314
119.65405739880232,121.82055705924246,130.5410027144038,27.710569060177654,315
119.65405729267701,121.82055695221209,130.54098190194853,27.71051355974507,316
119.65405656192799,121.82055622055834,130.54089274015828,27.71043801321427,317
119.65405682712877,121.8205564848548,130.54073586006697,27.710322520422384,318
119.65405870995829,121.82055836677947,130.5406820589922,27.710246486865955,319
119.65405900681448,121.82055866273116,130.54057204255147,27.71011035449381,320
119.65405764678957,121.82055730180154,130.54048525934746,27.710033785447763,321
119.6540577432942,121.8205573974014,130.5403990143439,27.709976951235504,322
119.6540568818564,121.8205565350587,130.54034690761495,27.709919949314585,323
119.65405683113626,121.82055648343393,130.54025045393644,27.709822641904672,324
119.65405685283994,121.8205565042332,130.54011005176517,27.709725065717254,325
119.65405884508401,121.82055849557239,130.54008151000104,27.709607066521098,326
119.65405722351812,121.82055687310174,130.53999781398434,27.709549160178778,327
119.65405645165997,121.82055610033882,130.53992566020736,27.70947088870687,328
119.65405678424617,121.82055643202035,130.53983195264115,27.709392413000966,329
119.65405954472325,121.82055919159275,130.53976073655178,27.709273205393945,330
119.6540556809221,121.82055532688703,130.53963529256905,27.709214435140506,331
119.65405625404593,121.82055589910595,130.53957598942839,27.709175774887147,332
119.65405678166522,121.82055642582071,130.53949532667426,27.70901506377564,333
119.65405968796344,121.82055933121447,130.53936095981524,27.70893528538167,334
119.65405915854255,121.82055880088916,130.5392490123468,27.708794106870155,335
119.65405667299885,121.82055631444024,130.53922387544378,27.708815815550423,336
119.6540593725,121.82055901303661,130.53917741829486,27.708694478482226,337
119.65405784700195,121.82055748663396,130.53906700325948,27.70863422472918,338
119.65405625709762,121.82055589582481,130.53901060597465,27.70855324701155,339
119.65405681096206,121.82055644878473,130.53890133290625,27.708451502011226,340
119.65405652368864,121.82055616060683,130.53877147201672,27.708370002249804,341
119.65405770410707,121.82055734011976,130.5388328135613,27.708350094824365,342
119.65405665333874,121.82055628844739,130.5386406169881,27.70820628646405,343
119.65405680710852,121.82055644131216,130.5386178371468,27.708144715659575,344
119.65405781132449,121.82055744462346,130.53851127915004,27.708103646841437,345
119.65405770890165,121.82055734129659,130.5383321321321,27.70793808903911,346
119.65405666049146,121.82055629198125,130.5383312937299,27.707896577292686,347
119.6540584662085,121.82055809679346,130.538268073976,27.707834154886047,348
119.65405849292054,121.82055812260094,130.5381637469603,27.70775073311031,349
119.65405587856802,121.82055550734398,130.53803933717194,27.707646186683345,350
119.6540568489092,121.82055647677987,130.53807025918817,27.707603951031043,351
119.65405757035587,121.82055719732261,130.53786459046557,27.707457027238238,352
119.65405796057368,121.82055758663535,130.53784457920412,27.707414359325387,353
119.65405941815779,121.82055904331473,130.53775313689695,27.707371594887576,354
119.65405772983426,121.82055735408674,130.53766221246056,27.707223591055673,355
119.65405710813002,121.82055673147792,130.5375514740745,27.70715936480103,356
119.6540561746873,121.82055579713005,130.5375731192872,27.70707383469324,357
119.65405751760493,121.8205571391431,130.53747334845116,27.706988028878946,358
119.65405561850248,121.82055523913634,130.5373237403863,27.70690197363762,359
119.65405498873976,121.82055460846856,130.53729557934165,27.70687919162393,360
119.65405861617137,121.82055823499533,130.53724752727328,27.70679267819492,361
119.65405799167843,121.82055760959784,130.5371397605428,27.706727152347,362
119.65405643463154,121.82055605164662,130.5370026943519,27.706618853482315,363
119.65405962659534,121.8205592427055,130.53697572299168,27.706531520867486,364
119.65405878356157,121.82055839876702,130.53687949835194,27.7065079665872,365
119.6540568753319,121.82055648963218,130.53688267682398,27.706462972574357,366
119.65405686543463,121.82055647883098,130.53668863904656,27.70631074298448,367
119.65405711921697,121.82055673170812,130.5367021420046,27.706265275525702,368
119.6540553038646,121.82055491545185,130.53651945038166,27.706069236652205,369
119.6540580123575,121.8205576230396,130.5365040071863,27.706066300975586,370
119.65405793330734,121.82055754308512,130.53637160883477,27.70595558225135,371
119.65405833274828,121.82055794162069,130.53639555286216,27.705952464056317,372
119.65405765226872,121.82055726023681,130.53627384154203,27.70581953033512,373
119.6540564470087,121.82055605407211,130.53619149685133,27.70575121941501,374
119.65405809908353,121.82055770524238,130.5361095811629,27.70563926765257,375
119.65405828533326,121.82055789058731,130.5360569705045,27.705570411596124,376
119.6540579592336,121.82055756358325,130.53592786811367,27.705479582118937,377
119.65405774632697,121.82055734977202,130.53583773289918,27.705410256357734,378
119.6540558176874,121.82055542022756,130.53578626080636,27.705362560126776,379
119.6540585788256,121.82055818046075,130.5357541027662,27.705336549422427,380
119.65405776437908,121.82055736510996,130.53562713637783,27.705200918574253,381
119.65405680391062,121.82055640373659,130.53558610138916,27.705152651551845,382
119.65405626270292,121.82055586162471,130.53543190044704,27.70503829259885,383
119.65405868191651,121.82055827993318,130.5354198489863,27.70501159652788,384
119.65405666886954,121.82055626598205,130.5352856733298,27.704852534257416,385
119.65405602224835,121.82055561845574,130.53527405985236,27.704825430236458,386
119.65405673319874,121.82055632850161,130.5351877172108,27.704709820087842,387
119.65405729889379,121.82055689329233,130.5350271974927,27.704682374464802,388
119.65405695356365,121.82055654705722,130.5350163411206,27.704588323421365,389
119.65405739248023,121.82055698506865,130.53501482352098,27.704560606224383,390
119.65405757012387,121.8205571618082,130.5348652397561,27.704399254662402,391
119.65405800394282,121.82055759472279,130.534725648423,27.70434884463008,392
119.65405777782819,121.82055736770313,130.5347156628189,27.70427593166876,393
119.65405670180526,121.82055629077594,130.53456798036575,27.7042028060639,394
119.65405803509492,121.82055762316054,130.5345584514221,27.704151803280848,395
119.65405965408252,121.8205592412434,130.53449414461824,27.704078221441264,396
119.65405950678881,121.82055909304553,130.53435724655628,27.70393693659795,397
119.65405639388305,121.82055597923495,130.53431195030063,27.703862733838186,398
119.65405843839153,121.82055802283895,130.53420340353227,27.703788301384392,399
119.65405810229576,121.82055768583832,130.5341587190875,27.703736200347436,400
119.6540560153173,121.82055559795513,130.53409620773004,27.703661289759136,401
119.65405811787316,121.82055769960594,130.53407902067195,27.703631494386496,402
119.65405560919639,121.82055519002529,130.53390029342552,27.703465319485023,403
119.65405557914215,121.82055515906615,130.53386576740698,27.703412344564065,404
119.65405775302675,121.82055733204655,130.53371524422272,27.703313598691427,405
119.6540583241901,121.82055790230496,130.53369024466903,27.70326014179753,406
119.65405753409262,121.82055711130273,130.53362981752102,27.703183707600786,407
119.65405794715255,121.82055752345767,130.53360515802052,27.703152811323132,408
119.65405704541573,121.8205566208166,130.53347445094798,27.70303002156619,409
119.65405868917583,121.82055826367224,130.5333620219705,27.70297575318806,410
119.65405591653708,121.82055549012897,130.53326775558455,27.702898276458413,411
119.65405692945491,121.82055650214218,130.53319151691855,27.702820537786728,412
119.65405926148667,121.82055883326878,130.53320326508748,27.702765659950558,413
119.6540579300997,121.82055750097739,130.53310132334533,27.702664272471097,414
119.65405871640122,121.82055828637424,130.53302603249924,27.70260894102199,415
119.65405733344944,121.82055690251799,130.53294240583728,27.702483737973406,416
119.65405732915339,121.82055689731746,130.53282447276555,27.702451163627632,417
119.65405788740152,121.82055745466073,130.53281098079262,27.702325267597857,418
119.6540565101845,121.82055607653923,130.53270256606322,27.70226895210968,419
119.6540584416376,121.82055800708775,130.5326291122774,27.702165665876656,420
119.65405736914897,121.82055693369428,130.53258180618107,27.70213229706782,421
119.65405734259092,121.82055690623149,130.5325175748745,27.702075346365753,422
119.65405704865032,121.82055661138686,130.5323509839353,27.701971216875783,423
119.65405742136856,121.82055698319995,130.53235587721153,27.701937347145222,424
119.65405650017276,121.82055606109947,130.53230113733798,27.701832594979297,425
119.65405794852929,121.82055750855143,130.53221268143076,27.701774723958447,426
119.65405821863578,121.8205577777536,130.5321076890275,27.701645666831638,427
119.65405807205622,121.82055763026946,130.53202010239465,27.701587285656302,428
119.65405677075904,121.82055632806792,130.53191604952917,27.701481166896546,429
119.65405625306776,121.82055580947143,130.53191346730358,27.701493656124757,430
119.65405749117853,121.82055704667818,130.53175976888156,27.701363199069856,431
119.65405792026996,121.82055747486463,130.53174080695624,27.70130389741782,432
119.6540565103789,121.82055606406924,130.5316132926721,27.701244406195233,433
119.65405922801553,121.82055878080097,130.53159475104576,27.70116071046843,434
119.65405637316114,121.82055592504204,130.5315097487142,27.701076736071396,435
119.65405770201858,121.82055725299487,130.53145002887203,27.700968403901637,436
119.65405816275347,121.82055771282451,130.53145683752072,27.700980120560317,437
119.65405681913089,121.82055636829799,130.53129012156074,27.70084713095901,438
119.65405858799711,121.82055813625941,130.53124779886556,27.700786168512753,439
119.65405833500135,121.82055788235922,130.5311481073549,27.70070079453188,440
119.65405838320055,121.82055792965375,130.53108167976708,27.70063933319205,441
119.6540585803609,121.82055812590937,130.53102374541206,27.700577661974304,442
119.6540583023809,121.82055784702506,130.53090889145574,27.700491423920067,443
119.6540577573302,121.82055730107017,130.53077826447404,27.700380525777835,444
119.6540580611886,121.82055760402332,130.53080271968633,27.700342495927345,445
119.6540575883767,121.8205571303072,130.530672906932,27.70025534848454,446
119.65405825002526,121.82055779105137,130.53058415063376,27.700118861638487,447
119.65405762254433,121.82055716266524,130.530584642965,27.700129308894223,448
119.65405860303083,121.82055814224726,130.53049647924036,27.700041299168642,449
119.65405936257646,121.82055890088853,130.53039263593232,27.699953015174295,450
119.65405823339186,121.82055777079896,130.5303694722793,27.69991378951989,451
119.65405834805175,121.82055788455526,130.53015428695727,27.699775433849993,452
119.6540562431131,121.82055577871085,130.53024359189195,27.69978533176108,453
119.6540586860868,121.82055822078004,130.53015715126293,27.69972073707893,454
119.6540571980165,121.8205567318059,130.52997565304787,27.69960613556307,455
119.65405793749187,121.82055747037661,130.5299139925077,27.699541004883308,456
119.65405718357106,121.8205567155513,130.52983675743968,27.69942564995127,457
119.65405767611558,121.82055720719127,130.5297598602017,27.69935993537502,458
119.65405819748902,121.8205577276599,130.5297306074495,27.69926889347336,459
119.65405873090539,121.8205582601716,130.52966214180452,27.699227746619794,460
119.65405658316251,121.82055611152434,130.52957043016218,27.6991109817621,461
119.65405885214795,121.82055837960478,130.52954176816664,27.699119788463353,462
119.6540580517027,121.82055757825471,130.5295132312354,27.69902760045967,463
119.6540571759607,121.82055670160887,130.52933664666295,27.698909809993545,464
119.65405824406203,121.82055776880529,130.52930867295873,27.698867596833587,465
119.65405775974637,121.8205572835851,130.5292264690023,27.698799842280007,466
119.65405843251037,121.82055795544437,130.52916786115253,27.698757274555707,467
119.65405888121107,121.82055840324065,130.52907857772706,27.698663576889928,468
119.65405846091929,121.82055798204446,130.5289819504344,27.69859502507471,469
119.65405574279247,121.8205552630128,130.52895503548288,27.698500667454304,470
119.65405878018343,121.82055829949881,130.52892055065976,27.698508470227363,471
119.65405754790265,121.82055706631361,130.52884020728266,27.698387899135795,472
119.65405797105878,121.82055748856585,130.52867605287125,27.698266879291435,473
119.65405770498006,121.82055722158223,130.52865001560986,27.698222731239706,474
119.65405917207968,121.82055868777758,130.52854027162795,27.69812673584506,475
119.65405653645183,121.82055605124437,130.5285754351794,27.698108000372894,476
119.65405755295056,121.82055706683927,130.52840562820722,27.697985508450568,477
119.6540579529544,121.8205574659383,130.528365225709,27.697940493239294,478
119.65405773985897,121.82055725193878,130.52824189725933,27.69779119987264,479
119.65405803313055,121.82055754430584,130.52815676410523,27.697745588351292,480
119.6540569301587,121.82055644042902,130.52813970201697,27.69769984843695,481
119.65405733342811,121.82055684279356,130.52810018748954,27.697680120981506,482
119.65405790588945,121.82055741435032,130.52803086961458,27.69760780911631,483
119.65405696669015,121.8205564742473,130.52785716603665,27.697456413723597,484
119.65405854001364,121.82055804666523,130.52791546850094,27.69746240155758,485
119.65405727727016,121.82055678301757,130.52780228102347,27.69733647681353,486
119.6540580599533,121.82055756479673,130.5276449776394,27.697262969435933,487
119.65405816812415,121.82055767206258,130.52763661920943,27.69721563209023,488
119.65405815780161,121.82055766083596,130.52749509963886,27.697141590470817,489
119.65405846080594,121.82055796293542,130.5274723189268,27.69706726934193,490
119.65405824250402,121.82055774372887,130.52741277389114,27.696992644737136,491
119.65405822833793,121.82055772865816,130.5273534809898,27.69691772663823,492
119.65405742902335,121.82055692843932,130.52723569410142,27.696869251292647,493
119.65405734579782,121.82055684430891,130.52720629652796,27.696820573287,494
119.65405876583765,121.82055826344421,130.5271331524538,27.69674488845316,495
119.65405762236232,121.82055711906482,130.52701652962486,27.696588142618687,496
119.65405825845625,121.82055775425383,130.52698774558928,27.696565585788456,497
119.65405905852417,121.82055855341697,130.52695180797528,27.696488909912695,498
119.65405709440938,121.82055658839762,130.5268797623511,27.696438977877705,499
119.65405810140744,121.8205575944915,130.5267573488748,27.696361782254552,500
119.65405701305846,121.82055650523742,130.52676542748597,27.69631140346339,501
119.65405729472432,121.82055678599906,130.5266581333874,27.69620637988049,502
119.65405777617771,121.82055726654845,130.52651530729167,27.69610093304023,503
119.65405648714034,121.82055597660533,130.5266027954776,27.696104406426862,504
119.65405733660828,121.82055682516923,130.52645346661282,27.696053132404675,505
119.65405743258064,121.82055692023704,130.52639770630532,27.695946703641695,506
119.65405804218217,121.82055752893356,130.52638499015816,27.695922419301024,507
119.65405775551632,121.82055724136457,130.52614436925543,27.695732609966726,508
119.65405943724072,121.82055892218429,130.52608954951873,27.695680148064376,509
119.65405662765737,121.82055611169562,130.52610589256403,27.695710493749125,510
119.65405746041027,121.82055694354406,130.52604426318496,27.695574541719484,511
119.65405807933209,121.8205575615617,130.52593341090133,27.695465854587543,512
119.6540582083691,121.82055768969438,130.52583710906353,27.6953845861363,513
119.65405759904195,121.82055707946247,130.5257904510991,27.695358762290418,514
119.65405808546107,121.82055756497688,130.52573694569864,27.695332822562467,515
119.65405701570484,121.82055649431602,130.525683657069,27.695250776431838,516
119.65405904857364,121.8205585262804,130.5256025686097,27.695168349870926,517
119.65405731297865,121.82055678978104,130.52550782240357,27.69511370793742,518
119.65405695742055,121.8205564333186,130.52541344173645,27.695030651910848,519
119.65405713589224,121.82055661088609,130.5253194327391,27.69489079412933,520
119.65405709646035,121.82055657054877,130.52535079261352,27.694920177609948,521
119.65405806237622,121.82055753556072,130.52521566499894,27.694779452621926,522
119.65405832030916,121.82055779258864,130.5252056007338,27.694751892486554,523
119.65405919500272,121.82055866637812,130.52508506843438,27.69463871256908,524
119.65405695536806,121.8205564258384,130.52507529600794,27.694639303655705,525
119.65405822712631,121.82055769669293,130.52491418908818,27.694496786210628,526
119.65405828732,121.82055775598144,130.5249253660554,27.69446835518236,527
119.65405756729005,121.82055703504673,130.52488167980684,27.694439853585653,528
119.65405878691863,121.82055825377128,130.52474921916587,27.694353603766043,529
119.6540575871951,121.82055705314352,130.52465822916886,27.694209284508595,530
119.6540575352852,121.82055700032822,130.5246834378934,27.694266779382858,531
119.6540593984396,121.82055886257852,130.5245657072745,27.694150616984114,532
119.65405769871319,121.8205571619482,130.52443484069113,27.6940049872582,533
119.65405749429313,121.82055695662282,130.52444677285175,27.694062393896832,534
119.65405663523964,121.82055609666556,130.52430308079536,27.69388671903816,535
119.6540580546673,121.82055751518884,130.5242206915024,27.69379799552754,536
119.65405767256414,121.82055713218077,130.52420600060907,27.69373814730687,537
119.65405775578425,121.8205572144962,130.52414428303538,27.693736783934337,538
119.65405866492036,121.82055812272863,130.52398208095312,27.6935882966522,539
119.65405794590892,121.82055740281135,130.52408183891635,27.69358660074025,540
119.65405788453575,121.82055734053448,130.52390028383684,27.69352579164509,541
119.654058426706,121.82055788179981,130.52388631526094,27.693464706061945,542
119.65405687761182,121.82055633180089,130.5238524129866,27.693403375217944,543
119.65405817652243,121.82055762980809,130.52365232675945,27.693252537771006,544
119.6540572587781,121.82055671115812,130.5237318508152,27.693220278484596,545
119.65405816613733,121.8205576176134,130.52357911516495,27.69318786540638,546
119.65405766741495,121.8205571179869,130.52347985804087,27.69303554207789,547
119.65405888072821,121.82055833039492,130.5235064345917,27.69300257612419,548
119.654057440464,121.82055688922681,130.5233483515858,27.69296945494948,549
119.65405678866667,121.82055623652465,130.5233224391485,27.692906077817995,550
119.65405818314161,121.8205576300943,130.52335571577424,27.692872594388437,551
119.65405769043409,121.82055713648377,130.5231004325285,27.692748148196554,552
119.65405815174987,121.82055759689425,130.52313399747408,27.69271417270094,553
119.65405764795571,121.82055709219635,130.52297801168226,27.69258882547696,554
119.6540572971143,121.82055674044965,130.52300515590838,27.692584793852628,555
119.65405803633057,121.82055747876143,130.52294107864967,27.6924891348739,556
119.65405796710621,121.82055740863196,130.52294870642157,27.69245427862084,557
119.65405935793252,121.82055879855504,130.5227228374221,27.69235787163191,558
119.65405699785185,121.82055643756915,130.5227502383443,27.692291769799375,559
119.65405732985309,121.82055676866685,130.52256430161256,27.69219457484933,560
119.65405766929571,121.82055710720446,130.52255965059976,27.692158729492462,561
119.65405738330709,121.82055682031141,130.52248416024776,27.692091697776945,562
119.6540579855058,121.8205574216055,130.5224346749678,27.692024425617756,563
119.65405675344255,121.82055618863754,130.52239818937107,27.691956856206705,564
119.65405716941797,121.82055660370878,130.52229778125323,27.691857752700813,565
119.65405633102863,121.82055576441472,130.52225527415445,27.691820705155738,566
119.65405708334592,121.82055651582759,130.5221873727104,27.691720817513406,567
119.65405820760088,121.82055763917774,130.52215158248273,27.691714675671598,568
119.65405832911675,121.82055775978996,130.5219950787466,27.691551164544588,569
119.65405780940505,121.82055723917415,130.52188356266313,27.691481516581792,570
119.65405847935213,121.8205579082163,130.52186749585042,27.691443136991627,571
119.65405835812582,121.82055778608513,130.52183884037066,27.691436303265206,572
119.65405812826285,121.82055755531871,130.52165871205636,27.691270604889485,573
119.65405837984547,121.8205578059952,130.52177551795575,27.69135883594833,574
119.65405787707574,121.82055730232193,130.52162130036646,27.69112834783385,575
119.65405775422629,121.82055717856717,130.52163724948977,27.69118467217514,576
119.65405803859656,121.8205574620339,130.52146497690762,27.69104883123486,577
119.65405754000028,121.82055696253423,130.5212682787093,27.690944576178826,578
119.6540582115097,121.82055763313795,130.52135349883469,27.690904170308418,579
119.65405838691478,121.82055780763856,130.52128868527714,27.690831332677014,580
119.65405740800621,121.82055682782487,130.5212863745945,27.690855238127806,581
119.65405850415189,121.82055792306707,130.52111620051252,27.690684590743487,582
119.65405800823332,121.82055742624368,130.52108936932984,27.69064320712533,583
119.65405765160813,121.82055706871436,130.52098207993848,27.690569030135233,584
119.6540575835012,121.82055699970262,130.5209617556628,27.690494497223305,585
119.65405642997752,121.82055584527392,130.52095385736285,27.69048513875198,586
119.65405976481718,121.82055917920965,130.52081651549128,27.69044287105204,587
119.65405825210327,121.82055766559053,130.52084581926195,27.690367487927222,588
119.6540578189939,121.82055723157768,130.52066611190645,27.690258701842275,589
119.65405782085699,121.82055723253615,130.5206158314072,27.690215581695757,590
119.65405685754038,121.82055626831473,130.52059022172847,27.690172276807125,591
119.65405722951022,121.82055663937965,130.520583026738,27.690095479866,592
119.65405810488583,121.82055751385143,130.52044159867557,27.69001831549334,593
119.65405787062986,121.82055727869121,130.52034938276915,27.689940748046435,594
119.65405725886318,121.82055666602037,130.52025140384566,27.689862856211874,595
119.65405753775394,121.82055694400613,130.5202448267611,27.689851678634,596
119.65405799667833,121.82055740202519,130.52027463999283,27.689840458626414,597
119.65405748855427,121.8205568929976,130.5201167488863,27.689660430715065,598
119.65405794660045,121.8205573501388,130.5201043886422,27.6896486779474,599
119.6540580762774,121.82055747891114,130.5200498495656,27.689636852549185,600
119.65405727877841,121.82055668050812,130.5199473205182,27.689489002412227,601
119.65405676596437,121.8205561667902,130.51982108460953,27.68937447593623,602
119.65405775185879,121.82055715178073,130.51968927744716,27.689293575206392,603
119.65405731541192,121.82055671442882,130.51968970317236,27.6892807094539,604
119.65405793917373,121.82055733728507,130.51975593576452,27.689233513167597,605
119.65405799887766,121.82055739608576,130.51955321716935,27.689117163404916,606
119.65405735722177,121.82055675352501,130.51953001389091,27.689103738778808,607
119.65405804372092,121.82055743912018,130.5194176251841,27.688986537220934,608
119.65405767377659,121.82055706827131,130.5193650162126,27.68890335241852,609
119.65405798815296,121.82055738174361,130.51925325922693,27.688854545963874,610
119.65405732771217,121.82055672039814,130.51920702131187,27.688840331880247,611
119.65405670670896,121.82055609848982,130.51922596805105,27.688756139749376,612
119.65405859714188,121.82055798801814,130.51917991925384,27.68870654950845,613
119.6540576569819,121.82055704695368,130.51911634850504,27.688656763659274,614
119.6540579519256,121.82055734099329,130.51900589841821,27.68860663351844,615
119.65405819878103,121.82055758694386,130.51900155961732,27.688485667200265,616
119.65405764194894,121.8205570292073,130.51893271712956,27.68847028083059,617
119.6540572391097,121.82055662546433,130.51879382197407,27.688348300422927,618
119.6540577162888,121.82055710173852,130.51878399482405,27.68829687046866,619
119.65405877848045,121.82055816302628,130.5186516333868,27.688245170773513,620
119.65405805551212,121.82055743915363,130.51857213825312,27.688193197106283,621
119.65405821146084,121.8205575941983,130.51846380823514,27.688105063437632,622
119.65405888762217,121.82055826945474,130.51846619911126,27.68798050707632,623
119.6540584580916,121.82055783902003,130.51835838884907,27.6879635020916,624
119.65405775421353,121.82055713423681,130.51837830469282,27.687910223622037,625
119.65405767087515,121.82055704999469,130.51823050871278,27.687856645857046,626
119.6540580134631,121.82055739167778,130.51821593602168,27.687802793330462,627
119.65405849232134,121.82055786963129,130.51818988317777,27.687712202066216,628
119.6540574796831,121.82055685608927,130.5180545934443,27.68762108259268,629
119.65405824135442,121.820557616855,130.51811505309004,27.687639517544817,630
119.65405753972186,121.82055691431884,130.51795737407275,27.687547718752032,631
119.65405886465713,121.8205582383492,130.5179433504514,27.687529143463237,632
119.65405760126656,121.82055697405494,130.51780931527782,27.687362647639855,633
119.65405658317783,121.82055595506185,130.51773848721976,27.687306442021043,634
119.65405884508311,121.82055821606201,130.5177419662474,27.6873242026649,635
119.65405743962727,121.82055680970198,130.51765440210738,27.687230302776594,636
119.65405856277525,121.82055793194554,130.5175898373551,27.687173254806076,637
119.65405884233266,121.82055821059873,130.5175141248811,27.687040932388125,638
119.65405663472664,121.82055600208764,130.51751226728223,27.687058182407828,639
119.65405804558868,121.82055741204562,130.51741430343955,27.686962487065472,640
119.6540578436943,121.82055720924745,130.51728276153932,27.686866269083506,641
119.6540582834495,121.82055764809729,130.51732072640783,27.686845258533896,642
119.65405724642362,121.82055661016825,130.51712221470675,27.686710176833866,643
119.6540569425513,121.820556305391,130.51711536422857,27.686688634403772,644
119.65405763249485,121.82055699442986,130.5170748752872,27.686666985336434,645
119.65405788883136,121.82055724986245,130.51696729099172,27.686530255657832,646
119.6540582038351,121.82055756396097,130.5169886708167,27.686507993062296,647
119.65405710931216,121.82055646853425,130.5168536253233,27.68644708163186,648
119.65405790058192,121.82055725889968,130.51678591407943,27.686347215590963,649
119.65405732759197,121.82055668500443,130.5168130587385,27.686363052238708,650
119.65405893699928,121.82055829350864,130.5166177504659,27.686184594631985,651
119.65405837388411,121.8205577294879,130.51666726069257,27.686238995134975,652
119.65405755857104,121.82055691327166,130.51647832344307,27.68609825730125,653
119.6540582887622,121.820557642557,130.5165610985918,27.686113516304005,654
119.6540570868518,121.82055643974218,130.51650549879534,27.68601094506688,655
119.65405837223531,121.82055772422191,130.51637834749937,27.68590773867072,656
119.65405706385113,121.8205564149334,130.51629014994253,27.685962137510106,657
119.65405787449316,121.82055722467106,130.51623520798046,27.685818518329672,658
119.65405765952548,121.82055700879896,130.5161859315613,27.685674083087296,659
119.65405719899846,121.82055654736718,130.51615325900002,27.685688378178632,660
119.65405797054666,121.82055731801115,130.5160659224854,27.685662727441095,661
119.65405679879245,121.82055614535247,130.51600619865667,27.68563696707697,662
119.65405649954458,121.82055584520047,130.51592480660028,27.685490236812836,663
119.65405812436038,121.82055746911239,130.51581096658424,27.685383021011663,664
119.65405791333842,121.82055725718645,130.51570290639168,27.68531567139271,665
119.6540577139749,121.82055705691766,130.51573102537702,27.685288562539515,666
119.65405746219513,121.82055680423304,130.51570479449455,27.6853427080273,667
119.65405896754774,121.82055830868225,130.51554862441353,27.6851520511875,668
119.65405764747597,121.82055698770576,130.51552274947733,27.6850832029788,669
119.65405807877781,121.8205574181028,130.5155023455757,27.68505501744421,670
119.65405786836963,121.82055720679098,130.5153633615494,27.684944239103572,671
119.65405746859989,121.8205568061169,130.51529479201474,27.684874113051965,672
119.65405723608521,121.82055657269687,130.5153232251598,27.684928003338626,673
119.6540580838845,121.82055741959307,130.51513679276312,27.684732559880718,674
119.65405785350798,121.82055718831124,130.5151653671217,27.684744616613056,675
119.6540566256238,121.82055595952308,130.51506001764264,27.684672981010454,676
119.65405865592676,121.82055798892064,130.5151046594299,27.684642930095706,677
119.65405816764662,121.82055749973725,130.51493032850036,27.68448630199964,678
119.65405807926548,121.8205574104514,130.51490041863897,27.68445546775008,679
119.65405762878913,121.82055695907087,130.51481204860815,27.68442446922014,680
119.6540580462206,121.82055737559737,130.51481427234972,27.684350721980664,681
119.6540576795416,121.82055700801493,130.514657314332,27.684233878852538,682
119.65405808600896,121.82055741357708,130.51468095787024,27.68420186028331,683
119.65405797389431,121.82055730055801,130.51461988466332,27.68416968032376,684
119.65405889110272,121.82055821686131,130.51462766419192,27.684180292121948,685
119.65405815450933,121.82055747936344,130.5145773965023,27.684104605469308,686
119.65405840138689,121.82055772533747,130.5144377198184,27.683941752390485,687
119.65405815465141,121.82055747769766,130.51436682764384,27.683908251808496,688
119.6540572617697,121.82055658391202,130.51425412599448,27.683874598121704,689
119.65405797292604,121.82055729416375,130.51422566636998,27.683753173170533,690
119.65405836980692,121.82055769014015,130.51417110646614,27.683718769411826,691
119.65405741339507,121.82055673282392,130.5141062462172,27.683684184242868,692
119.65405784558187,121.8205571641067,130.51401023344658,27.683605158266367,693
119.65405900540621,121.82055832302603,130.51401357519785,27.683569901941294,694
119.654058188304,121.82055750501945,130.51395442325168,27.683489980402715,695
119.65405800981176,121.82055732562259,130.51391624275678,27.68345416011678,696
119.65405837262082,121.82055768752647,130.5139300973515,27.68346286084435,697
119.65405791279157,121.82055722679326,130.51382983972073,27.683381791032982,698
119.65405761658381,121.8205569296826,130.51362633268008,27.68321005622992,699
119.65405836956761,121.82055768176187,130.5135836549507,27.68312754427313,700
119.6540587287137,121.82055804000397,130.51348432441085,27.68304455376591,701
119.65405736502917,121.82055667541424,130.5135038492305,27.683052026195764,702
119.65405810226034,121.82055741174084,130.5134615436616,27.68301388717827,703
119.65405894940426,121.82055825798167,130.5132754238953,27.682883824615306,704
119.65405832572792,121.82055763340051,130.5132592165071,27.68284481069793,705
119.65405761791793,121.8205569246856,130.51324818888415,27.682851720789674,706
119.65405950699443,121.82055881285818,130.51315017822918,27.682719774148048,707
119.65405840371814,121.82055770867747,130.51309333203636,27.682679827430842,708
119.65405791893564,121.82055722299035,130.51305706563846,27.68263960916598,709
119.6540571604462,121.82055646359683,130.51297502230852,27.68250556399616,710
119.65405823849092,121.82055754073731,130.5128983101014,27.6824644484955,711
119.65405827630505,121.8205575776459,130.5129539521896,27.682470151667136,712
119.65405889313827,121.82055819357636,130.51273536787915,27.682334117974126,713
119.65405819198097,121.82055749151355,130.51278600773458,27.682339405341367,714
119.65405844054554,121.8205577391739,130.51270492906232,27.682344763953797,715
119.6540588069952,121.82055810471977,130.51259879956348,27.682159079721504,716
119.65405735722109,121.82055665404164,130.51250810108158,27.682067928342175,717
119.65405828129725,121.82055757721196,130.5125940840795,27.682072382407004,718
119.65405689198698,121.8205561869977,130.5124935810582,27.682028569662204,719
119.65405818274999,121.82055747685678,130.51238832433307,27.68198446259437,720
119.65405818441899,121.82055747762145,130.51232352919843,27.68194005766282,721
119.65405792213531,121.82055721443301,130.51230402547407,27.681895296160118,722
119.654057746128,121.82055703752168,130.5122194933382,27.6817522733104,723
119.65405730357058,121.82055659406056,130.512090217241,27.68170647651255,724
119.65405790137989,121.82055719096476,130.51210604404045,27.681660396627088,725
119.65405717151937,121.82055646020095,130.51194238867254,27.681564448086235,726
119.65405823022391,121.8205575179993,130.512057935076,27.68161688531148,727
119.6540585002506,121.82055778712343,130.51183513843,27.681370451420797,728
119.65405802405047,121.82055731001755,130.51190087535264,27.681472620633613,729
119.65405794467065,121.82055722973435,130.51175327806482,27.681324321195024,730
119.65405904530846,121.82055832946813,130.51166052966767,27.681275821816673,731
119.65405848250307,121.82055776575704,130.51173611607905,27.68122687083054,732
119.65405700662347,121.82055628897365,130.51161402000548,27.681228400055605,733
119.6540587346223,121.8205580160681,130.51156619622125,27.68107688439995,734
119.65405825452008,121.82055753506245,130.51141512276985,27.681026683298548,735
119.6540581019463,121.82055738158355,130.5114267249998,27.681027482234985,736
119.65405866756076,121.82055794629365,130.51136952702575,27.680976630102162,737
119.65405760725649,121.82055688508508,130.51130269810966,27.68092543630923,738
119.65405803588929,121.82055731281392,130.5112115854175,27.680822031999327,739
119.65405731495548,121.82055659097632,130.51110120846957,27.68071808013606,740
119.65405758185042,121.82055685696764,130.5109865380816,27.680509855585015,741
119.65405771388652,121.82055698811182,130.50980539863198,27.679307390400258,742
119.65405836715428,121.82055764047388,130.50986250144015,27.67945797187573,743
119.654057084699,121.82055635710378,130.51074016492046,27.68045137030186,744
119.65405738359999,121.82055665509769,130.5109419563027,27.680503063691507,745
119.65405808884098,121.82055735943668,130.51067312493376,27.680236952176294,746
119.65405757172631,121.82055684141629,130.51072876537359,27.680393632764968,747
119.65405779935068,121.8205570681363,130.51067809979622,27.680283874373732,748
119.6540585131975,121.82055778107785,130.51070977719544,27.68022755232553,749
119.65405699772545,121.8205562647032,130.51048564755303,27.68011659303807,750
119.65405805071676,121.82055731678939,130.5105030919052,27.680059382076067,751
119.65405696610551,121.82055623127171,130.5106359663617,27.68016570886928,752
119.65405668485774,121.82055594912137,130.51041282866265,27.67999830938789,753
119.65405797522641,121.82055723858544,130.51037748855785,27.679994983129152,754
119.65405764657986,121.82055690903387,130.51039018051966,27.679880903696798,755
119.65405903378908,121.82055829534143,130.5100773074787,27.6797658878135,756
119.65405651084406,121.82055577149217,130.51000908190903,27.679705715525376,757
119.65405826090868,121.82055752064932,130.51025136113682,27.679701054903756,758
119.65405711955682,121.82055637839501,130.5100114169189,27.679640075213896,759
119.65405740792379,121.82055666585559,130.5101530718823,27.67957866115037,760
119.65405835564378,121.82055761267243,130.50997572286954,27.679573505122633,761
119.65405727324345,121.82055652936606,130.5100790646739,27.679568286195902,762
119.65405716488344,121.82055642010606,130.50961767225397,27.679333988072116,763
119.65405817883963,121.82055743315783,130.5095743508592,27.679212706345837,764
119.65405826391465,121.82055751732734,130.509625753975,27.679205883422185,765
119.6540572445692,121.82055649707762,130.50956365972337,27.6791410421503,766
119.654057261179,121.8205565127827,130.50954416002344,27.679075583066407,767
119.6540563295478,121.82055558024564,130.50961898022825,27.679185110364156,768
119.65405749804653,121.82055674783994,130.5095665260069,27.679177951278675,769
119.65405850091177,121.82055774980033,130.50956121127882,27.679111842646037,770
119.65405723039922,121.82055647838547,130.50932589816207,27.67886736672891,771
119.65405811164585,121.82055735872945,130.50910995928862,27.678799293727174,772
119.65405874466026,121.82055799083805,130.50919421064046,27.678730621249525,773
119.65405771393932,121.82055695921255,130.50915667086588,27.678721357678715,774
119.65405710749397,121.82055635186488,130.50891377194165,27.67859152606419,775
119.65405791403461,121.82055715749894,130.50905858987883,27.678702685655107,776
119.65405815593769,121.82055739850011,130.50879313787158,27.678388974342845,777
119.65405761500072,121.82055685665699,130.50890051492652,27.678439164782457,778
119.654058304106,121.82055754485741,130.50888682294655,27.67848976895816,779
119.65405735392333,121.8205565937717,130.50871540810962,27.678355811923762,780
119.65405751437383,121.82055675331748,130.50869272392964,27.678344584511784,781
119.65405799668956,121.8205572347267,130.50883670703902,27.678333276496474,782
119.65405694344342,121.82055618057743,130.50867524817252,27.67819666281438,783
119.65405721140816,121.82055644763908,130.50850498294153,27.67812168582921,784
119.6540576187996,121.8205568541253,130.50853342584534,27.678046136493318,785
119.65405687606047,121.82055611048273,130.5084052121403,27.677842966844327,786
119.65405672393072,121.82055595744846,130.5083555011126,27.677956419447824,787
119.65405754069583,121.82055677330916,130.5083150952979,27.677814851681017,788
119.65405906517714,121.82055829688649,130.50821976206953,27.677864940746606,789
119.65405740070673,121.82055663151087,130.50824378517086,27.677850919702987,790
119.65405850152143,121.82055773141985,130.5083134952494,27.67783671918654,791
119.65405757347398,121.82055680247241,130.50787120856816,27.67756131499565,792
119.65405818034135,121.82055740843069,130.508242433629,27.677742333856983,793
119.65405795444074,121.82055718162826,130.50796089879648,27.677595602051348,794
119.65405730974273,121.82055653602464,130.50802604243086,27.67751366830506,795
119.65405824769775,121.82055747307751,130.5077818820794,27.677297950549573,796
119.6540572562943,121.8205564807683,130.50784712349088,27.677414376937257,797
119.65405707140981,121.82055629497866,130.50787134077578,27.677330308188697,798
119.65405727964406,121.82055650231021,130.5076735858263,27.67717796418329,799
119.65405746147184,121.8205566832342,130.50756677917036,27.677159692477904,800
119.65405735969539,121.82055658055067,130.50775394035134,27.677277699151585,801
119.65405709519716,121.82055631514935,130.50759768151914,27.67705424782594,802
119.65405841484723,121.82055763389519,130.50752290714843,27.67717280462335,803
119.65405702600724,121.82055624415082,130.5074753535964,27.67708502013219,804
119.6540572581854,121.82055647542654,130.50726156436141,27.67685709633781,805
119.65405818342329,121.82055739975867,130.50733568052124,27.676836653290472,806
119.65405737117388,121.82055658660184,130.50754863931817,27.677026991472882,807
119.65405613732139,121.82055535184881,130.50716534186654,27.676724479075595,808
119.6540581081814,121.82055732180258,130.50727958348227,27.676774158355506,809
119.65405845087409,121.82055766359386,130.50697352433784,27.67653860157315,810
119.65405836105597,121.82055757287176,130.5068868772994,27.67651588598162,811
119.65405895399553,121.820558164907,130.50683166380497,27.67649304426236,812
119.65405680821377,121.82055601822032,130.5068299834818,27.676469865176866,813
119.65405772375408,121.8205569328565,130.50675720125216,27.676446537250133,814
119.65405685196592,121.82055606016436,130.50668012051744,27.676276109689123,815
119.65405680575385,121.82055601304792,130.5066343089684,27.676177750865392,816
119.65405779040769,121.8205569967954,130.50675248466413,27.676300636876444,817
119.65405741619873,121.82055662168295,130.50663146938896,27.676126680328903,818
119.6540571288579,121.82055633343958,130.50642236330617,27.676025811059425,819
119.65405932740515,121.82055853108285,130.50634175505965,27.675923751845854,820
119.65405680066081,121.82055600343246,130.50643327853933,27.67604804076242,821
119.65405770485455,121.8205569067204,130.50650695692795,27.676097399074493,822
119.65405668114373,121.82055588210827,130.50620667065664,27.675687409600528,823
119.6540586080917,121.82055780815008,130.5063024246423,27.67588955094625,824
119.65405748158608,121.82055668073902,130.50634967844215,27.67586141151234,825
119.65405757859484,121.82055677684212,130.50640996161485,27.67591090883845,826
119.65405806609633,121.82055726344484,130.5058836946715,27.675490360133384,827
119.65405724251174,121.82055643895318,130.5060623915845,27.67569600630879,828
119.65405763319376,121.82055682873073,130.50602239965508,27.67566607737118,829
119.65405699286289,121.82055618749607,130.50593453776816,27.67539619639373,830
119.6540575971763,121.82055679090604,130.5058033297482,27.675364165660234,831
119.65405754142972,121.82055673425286,130.5059464801801,27.675412468508714,832
119.65405716607219,121.82055635799053,130.50593287983128,27.675461295589724,833
119.65405854729237,121.82055773830963,130.50559818833202,27.67534722372462,834
119.65405817403985,121.82055736415106,130.50570205723955,27.675231875399348,835
119.65405642744365,121.82055561665265,130.50546370290726,27.675197813123134,836
119.65405874559019,121.82055793389232,130.50563666687952,27.675163274482955,837
119.65405774727085,121.82055693466899,130.50555009058723,27.675212070271883,838
119.65405705964211,121.8205562461375,130.50537315502274,27.674924421285205,839
119.65405811212214,121.82055729771307,130.50533449965812,27.674887584492904,840
119.65405749467854,121.82055667936666,130.50514962614153,27.674850282812262,841
119.65405755563955,121.82055673942246,130.50518008178125,27.67472650642191,842
119.65405739355909,121.82055657643787,130.50510745361754,27.67477416331579,843
119.65405778846865,121.82055697044385,130.50499212122762,27.674735475165217,844
119.65405759616705,121.82055677723503,130.50518971572097,27.674783714969884,845
119.6540573354971,121.82055651566296,130.5049590447988,27.67448020970863,846
119.6540570673266,121.82055624658759,130.5049553750092,27.674438662275627,847
119.6540557355117,121.82055491387084,130.5046913626076,27.674396688185585,848
119.65405822704508,121.82055740449862,130.50475197026424,27.67435409781133,849
119.65405665082005,121.8205558273688,130.50474006262488,27.674311089867658,850
119.65405644600565,121.82055562164851,130.50482171949852,27.674358427446805,851
119.65405646862948,121.82055564337013,130.50459735817762,27.674131303595516,852
119.65405723921104,121.82055641304869,130.50443291334102,27.674085840698464,853
119.6540579484575,121.82055712138975,130.5044765159744,27.674039694399088,854
119.65405709891353,121.82055627094228,130.50435916079326,27.67389932348416,855
119.654058536949,121.82055770807176,130.5044407898978,27.6741339180758,856
119.65405650959559,121.82055567981443,130.50436598762965,27.6738973782094,857
119.65405618399572,121.82055535330929,130.5043925899652,27.67394420203234,858
119.65405797941996,121.82055714783102,130.50418739818522,27.67389544687833,859
119.65405760834209,121.82055677584775,130.5042351889622,27.673749028262925,860
119.65405738626522,121.82055655286518,130.5042954983911,27.673893454002485,861
119.65405804348654,121.8205572091835,130.5041415048416,27.673646469072008,862
119.65405691329254,121.82055607808869,130.5037991754936,27.67349509062278,863
119.65405649351268,121.82055565740134,130.50401473176294,27.673540925210755,864
119.65405774142639,121.82055690441072,130.50397457860194,27.673286000726602,865
119.65405797660989,121.82055713868985,130.50392199576862,27.67343232960946,866
119.65405734822164,121.82055650939822,130.50379435890414,27.67337662239282,867
119.65405855104656,121.82055771132019,130.50363367593923,27.673217431066544,868
119.65405827636599,121.820557435731,130.50393981627286,27.67336655318445,869
119.65405762533982,121.82055678380159,130.50380433537677,27.673204874265465,870
119.65405615831499,121.82055531587687,130.5033907143782,27.672935380240663,871
119.65405561138272,121.82055476803747,130.5035757629995,27.672979915746215,872
119.65405603365964,121.82055518940756,130.5037313036132,27.67313179309027,873
119.65405654189458,121.82055569674118,130.50343100447864,27.673070745906127,874
119.65405658180376,121.82055573574412,130.50354916583126,27.672900160820678,875
119.65405644487241,121.82055559791002,130.50336957412458,27.672836221981907,876
119.6540588561289,121.82055800826416,130.50315737122855,27.672771248467615,877
119.65405794951538,121.82055710074975,130.50282613625177,27.672594085319037,878
119.65405677383195,121.82055592415979,130.50296915204686,27.672413918536638,879
119.65405913398594,121.8205582834061,130.5031817200131,27.672909244125332,880
119.65405756139899,121.82055670991522,130.5031186158629,27.67238665023454,881
119.65405676997402,121.82055591758602,130.50305973996342,27.67243012105053,882
119.65405761167023,121.82055675838022,130.50281656739173,27.672474447232275,883
119.65405646791214,121.82055561371352,130.5031225292833,27.67251942166641,884
119.65405763919735,121.82055678409755,130.5028184771965,27.67232920198227,885
119.6540566418801,121.82055578587274,130.50303385124806,27.672492691252042,886
119.65405681191166,121.82055595500086,130.50292237835683,27.672178775806486,887
119.65405642422975,121.82055556641866,130.50254216186724,27.6721016692195,888
119.65405728607172,121.82055642735425,130.50266758465946,27.67202305194147,889
119.65405716375872,121.82055630413751,130.50257314017136,27.671943087871004,890
119.6540560687072,121.82055520818635,130.5021499053614,27.671612598784222,891
119.65405709931017,121.82055623788065,130.50245385071435,27.67177854272782,892
119.65405603334699,121.82055517101625,130.50215329745603,27.671694131222228,893
119.65405805838317,121.8205571951457,130.50230273255713,27.67173594360078,894
119.65405702973345,121.82055616559337,130.50211622554932,27.671649308106574,895
119.65405762936292,121.82055676431533,130.50233001720142,27.671691623769682,896
119.6540586241497,121.82055775819954,130.50213986028774,27.671603007043263,897
119.65405749534065,121.82055662848327,130.50232496063597,27.67177875278389,898
119.65405572309342,121.82055485533522,130.50200232801387,27.671420364695535,899
119.6540573340983,121.82055646543336,130.50215503111056,27.671326465662897,900
119.65405656457322,121.82055569500292,130.50218679550355,27.671504611284252,901
119.65405752463214,121.8205566541578,130.50211422735958,27.67154799837198,902
119.65405622554927,121.82055535417484,130.5017331711551,27.671172500670046,903
119.65405686781017,121.82055599552999,130.50180535752418,27.6710719170179,904
119.65405783987651,121.82055696669384,130.5016094803939,27.671112168013455,905
119.65405589243854,121.82055501835094,130.50160572875401,27.671297593498792,906
119.65405811900034,121.82055724401089,130.50137460976129,27.670757424108555,907
119.65405591721776,121.82055504132205,130.50147475254764,27.67109040360847,908
119.65405885306657,121.82055797626684,130.50140750410776,27.670983588027678,909
119.65405989459137,121.82055901688682,130.50140005927173,27.671024991214708,910
119.654057275235,121.82055639662727,130.50126944343648,27.670762349027562,911
119.65405807837944,121.82055719886768,130.50119863238473,27.67080218309522,912
119.65405617643438,121.82055529601513,130.50140152392336,27.67099892100772,913
119.65405952816664,121.82055864684406,130.50128323726187,27.67072686493688,914
119.65405721388882,121.82055633166182,130.50124431453352,27.670767794041975,915
119.65405572123886,121.82055483811271,130.50079455640218,27.670324943560768,916
119.65405645708246,121.8205555730483,130.50104043358485,27.670525527484536,917
119.65405777102357,121.82055688608187,130.50125417162326,27.670399822798363,918
119.65405509248264,121.8205542066378,130.5011091383243,27.670606227529355,919
119.6540579565387,121.82055706979494,130.50064180258659,27.670139154357905,920
119.65405722511062,121.82055633746018,130.50078460976502,27.670175745416405,921
119.65405623835636,121.82055534980086,130.50079755994994,27.670213285501124,922
119.65405780456122,121.82055691510095,130.50078691654974,27.67025155796619,923
119.65406015718213,121.82055926681794,130.50071366787787,27.670112499920375,924
119.65406012919142,121.8205592379201,130.5008831527482,27.670512551851846,925
119.65405710178821,121.82055620961576,130.50059495675472,27.67000632867582,926
119.65405882028912,121.82055792721151,130.50061585803576,27.670044050942526,927
119.65405617543675,121.82055528145638,130.50044559589597,27.670082764249727,928
119.65405682918225,121.82055593430258,130.50001077825783,27.669740380862798,929
119.65406021107727,121.82055931528456,130.50065097347525,27.669969683080392,930
119.65405532238458,121.82055442569484,130.50003807592594,27.669615734088197,931
119.6540591270806,121.82055822947895,130.50058366245545,27.670049520981294,932
119.65406110981414,121.82056021131002,130.50039497481865,27.669888771638146,933
119.65405536275055,121.82055446334282,130.50030348094577,27.669517240995106,934
119.65405847854667,121.82055757823697,130.50007289286881,27.669552218437538,935
119.65405776859977,121.8205568673884,130.49981959451185,27.669587945862578,936
119.65405505313812,121.82055415102244,130.4997793083957,27.669409729726066,937
119.65405567718756,121.82055477416237,130.50013645973027,27.669663205061166,938
119.65405681628496,121.82055591236387,130.4994445672512,27.669035394082027,939
119.65405886835117,121.82055796352024,130.4998282767415,27.669291156857092,940
119.65406042676572,121.82055952103357,130.49954198775913,27.66932578112362,941
119.65405878986317,121.82055788321473,130.5004281382345,27.669595540466407,942
119.65405988254018,121.82055897499312,130.49994993694267,27.668922396470894,943
119.65405993450608,121.8205590260609,130.49941518374948,27.66943703459105,944
119.65405862173662,121.82055771238895,130.49923779185582,27.668983202128725,945
119.65405888701169,121.82055797676384,130.49888094770068,27.66851258454708,946
119.65406359067075,121.82056267950905,130.4995719141372,27.668792001335476,947
119.65406136251121,121.82056045044224,130.49974994992752,27.669343530900637,948
119.65406110739426,121.82056019442412,130.49946616724216,27.66911850913398,949
119.65406047206278,121.82055955818787,130.49945722392025,27.669155639760792,950
119.65405802826362,121.82055711348862,130.4990943814232,27.66864042485104,951
119.65405666660415,121.82055575092221,130.49924933410816,27.66895199313765,952
119.65405581714849,121.82055490056099,130.49930532766288,27.668699779585754,953
119.65405841328842,121.8205574957832,130.50028674005367,27.669321058763206,954
119.65405647567087,121.8205555572768,130.4990605922755,27.668764013304376,955
119.65405761102836,121.82055669173262,130.49881354392238,27.668798030480513,956
119.65405982788653,121.8205589076977,130.4979166023936,27.66820240850156,957
119.65405897971183,121.82055805860519,130.4989068196137,27.66854849103503,958
119.65405554702875,121.82055462502062,130.4986494364902,27.66824873440091,959
119.65405790914674,121.82055698623395,130.49863019907042,27.668612946730804,960
119.65405484568947,121.82055392188418,130.49769958628468,27.667255774471407,961
119.65405781164004,121.82055688692103,130.49836600337045,27.668327271414793,962
119.65406106146051,121.82056013582313,130.49939199208313,27.668723273524193,963
119.65405767387186,121.82055674733306,130.49913175006233,27.66838711512752,964
119.65406174256731,121.82056081513709,130.49810687159416,27.66841939599672,965
119.65405401816153,121.82055308981786,130.4987664179763,27.66765519650235,966
119.65406096482371,121.82056003558401,130.49809964962998,27.667256097630855,967
119.65405597280282,121.82055504265888,130.49804371986218,27.668104377370188,968
119.6540580729859,121.82055714192943,130.49862269916167,27.668569223824594,969
119.65405662344412,121.82055569149212,130.49791718612548,27.66816072507434,970
119.65405699385997,121.82055606100553,130.4977424182933,27.667256141925346,971
119.65405625344904,121.82055531968889,130.4978062074347,27.667255997599142,972
119.65405598427185,121.82055504961984,130.496824642295,27.66725632952514,973
119.6540566295931,121.82055569274522,130.49908899200187,27.668944511560767,974
119.65405746545001,121.82055652768119,130.49622978066748,27.666393202707695,975
119.65405737953832,121.82055644079453,130.49741850890774,27.667413726248924,976
119.65405616340773,121.8205552237073,130.49723414480073,27.667413726248924,977
119.65405802323279,121.8205570825538,130.49869340240411,27.66792398801954,978
119.65405399155489,121.82055304994148,130.4968442986443,27.667413726248924,979
119.65405764778936,121.82055670520025,130.49809035779438,27.667413726248924,980
119.6540566681695,121.82055572462941,130.49748178341233,27.667413726248924,981
119.65406809884459,121.82056715435516,130.49675274725277,27.667413726248924,982
119.65406159274035,121.82056064728083,130.49757539092212,27.667413726248924,983
119.65405820567508,121.82055725926908,130.49664171932363,27.666393202707695,984
119.6540534589598,121.82055251157223,130.49830794699744,27.66792398801954,985
119.65405961857908,121.82055867023945,130.49779028788151,27.66690346447831,986
119.65405563025043,121.8205546809713,130.49633126363958,27.66690346447831,987
119.65406244884805,121.82056149859504,130.4974284962201,27.667413726248924,988
119.654055287005,121.82055433580238,130.49671929989282,27.66792398801954,989
119.65405376712984,121.82055281495852,130.4974376107681,27.667413726248924,990
119.6540705915085,121.82056963838498,130.4969305567059,27.66690346447831,991
119.6540627125894,121.82056175851426,130.49638102892985,27.666393202707695,992
119.65405622703673,121.82055527200507,130.49619333844305,27.666393202707695,993
119.65404696714884,121.82054601115122,130.4967087959155,27.665372679166467,994
119.65405847046021,121.82055751349915,130.49702312945413,27.666393202707695,995
119.65405520649455,121.8205542485744,130.49702801471688,27.66588294093708,996
119.65405057582642,121.82054961697662,130.49485834965486,27.66588294093708,997
119.6540598404686,121.8205588806398,130.49632679121606,27.66588294093708,998
119.65405833175278,121.82055737096886,130.4960353768996,27.66588294093708,999
