leakage_position,upstream_pressure,downstream_pressure,upstream_flow,downstream_flow
0,116.3111648263303,120.64407462852033,1519.520660702104,1517.4613441275635
1,116.31117148429823,120.6440812862522,1519.5204371969328,1517.4614285701969
2,116.3111670182964,120.64407681999654,1519.5203627564022,1517.4616752270565
3,116.31117043090151,120.64408023238687,1519.5204372302082,1517.4615656965127
4,116.31116429993267,120.64407410118429,1519.520571319173,1517.4616285860566
5,116.3111655033907,120.64407530442543,1519.5205862171938,1517.4615381409121
6,116.31117045484423,120.6440802556627,1519.520532976553,1517.4614420451676
7,116.31116703731988,120.64407683791244,1519.5204930964924,1517.4614342136708
8,116.31117029282711,120.64408009319632,1519.520462061286,1517.4614028697827
9,116.31116825420563,120.644078054347,1519.5205266123119,1517.4614116848713
10,116.31116749200987,120.64407729192283,1519.5204575489568,1517.4614273132415
11,116.31116914099873,120.64407894068732,1519.5204744706266,1517.4614049231025
12,116.31116472226576,120.64407452171464,1519.5205575603904,1517.4615225801736
13,116.31116682277121,120.64407662199457,1519.520501078357,1517.4615115847478
14,116.31116676008149,120.64407655909432,1519.5204521309702,1517.4613624875187
15,116.31116701850877,120.64407681728696,1519.5204930960053,1517.461434061684
16,116.31116734712684,120.6440771456774,1519.5204766629683,1517.4614420712967
17,116.31116647456021,120.64407627287615,1519.5205365452741,1517.4615134214253
18,116.31116670008929,120.64407649818189,1519.5204960357833,1517.4614823019153
19,116.31116702284802,120.64407682071082,1519.5205042712325,1517.461510013196
20,116.31116711264667,120.64407691028588,1519.520469149564,1517.4614811045913
21,116.31116758218818,120.64407737960545,1519.5204981733316,1517.461435213093
22,116.31116713819992,120.64407693539016,1519.5204469462415,1517.4614386859762
23,116.31116757470826,120.64407737166742,1519.5204930918555,1517.4614774650524
24,116.31116727117738,120.64407706791235,1519.520446164277,1517.4614543724847
25,116.31116700805194,120.64407680455584,1519.5204887995064,1517.4614932584566
26,116.31116639299762,120.64407618927338,1519.520511718954,1517.4615050846019
27,116.31116671892651,120.64407651497726,1519.5205170366414,1517.4614883874267
28,116.31116727804681,120.6440770738717,1519.520491170123,1517.461480422754
29,116.31116676006278,120.64407655565988,1519.5204670280395,1517.4614904300595
30,116.31116726368003,120.64407705905644,1519.5204732692478,1517.4614330297618
31,116.3111666546613,120.64407644980028,1519.5205349963198,1517.4615308343907
32,116.31116643332489,120.6440762282443,1519.5204710862608,1517.4614650383587
33,116.31116687929227,120.64407667398426,1519.5204898090014,1517.461470434908
34,116.31116682475705,120.64407661921928,1519.520507462391,1517.4614976380396
35,116.31116696115643,120.64407675539302,1519.5204993032798,1517.4614872998252
36,116.31116738708992,120.64407718110128,1519.520491583838,1517.4614727545177
37,116.31116696645923,120.64407676024483,1519.5204607487203,1517.4614642286542
38,116.31116724818371,120.64407704174084,1519.5204887983793,1517.4614789684993
39,116.31116801405075,120.64407780738384,1519.5204595735224,1517.4614541158683
40,116.31116740378263,120.64407719688685,1519.520475381854,1517.461473076361
41,116.3111675830889,120.64407737596721,1519.520490434175,1517.4614640484244
42,116.31116764065867,120.64407743331054,1519.5204736069231,1517.4614615473781
43,116.3111673023319,120.64407709475736,1519.5204575455161,1517.4614585746788
44,116.31116610046882,120.64407589266435,1519.5204918538177,1517.4614869851698
45,116.31116698740632,120.64407677937658,1519.5204760909967,1517.4614732420653
46,116.31116689848909,120.6440766902326,1519.5204800210395,1517.4614726201257
47,116.31116664646973,120.64407643798317,1519.5205210275549,1517.4615016046146
48,116.31116704159254,120.64407683287929,1519.5205056364282,1517.4615014807118
49,116.31116676577705,120.64407655684016,1519.5204908620078,1517.4614721547903
50,116.31116696229331,120.644076753129,1519.520485428969,1517.4614785995223
51,116.31116656475733,120.64407635536473,1519.520505988062,1517.4614916662347
52,116.31116666015764,120.6440764505386,1519.5205004745487,1517.4614886937245
53,116.31116697990478,120.64407677005835,1519.5204951647381,1517.4614947046425
54,116.3111666952586,120.64407648518711,1519.5204900495623,1517.4614784751498
55,116.31116689802595,120.64407668772705,1519.5205010768336,1517.4614835401858
56,116.311166623846,120.64407641331997,1519.5204960340589,1517.4614871876322
57,116.31116696102909,120.64407675027745,1519.5204834630026,1517.4614765990946
58,116.3111666540125,120.64407644303505,1519.5204788912426,1517.4614674114682
59,116.31116709745764,120.6440768862536,1519.520474471962,1517.4614658200974
60,116.31116677758818,120.64407656615784,1519.5204775273535,1517.4614608923216
61,116.31116690196511,120.64407669030442,1519.5205021077545,1517.4614936366013
62,116.31116727614831,120.64407706426249,1519.5204975281204,1517.4614777424142
63,116.31116708574808,120.64407687363467,1519.5205000791689,1517.4614852405814
64,116.31116724400745,120.6440770316682,1519.52048192326,1517.4614774397146
65,116.31116710741098,120.64407689484473,1519.5204981742925,1517.461478242952
66,116.31116717602126,120.64407696323018,1519.5204872585136,1517.461459867659
67,116.31116699485712,120.644076781839,1519.5204766652325,1517.461463056782
68,116.31116671445928,120.64407650121318,1519.5205052387146,1517.4614724990104
69,116.31116662578789,120.64407641231388,1519.520488307924,1517.4614848517654
70,116.31116702953229,120.64407681583235,1519.5204844393068,1517.4614765166725
71,116.3111669041139,120.64407669018782,1519.520480682319,1517.4614705784356
72,116.31116701674942,120.6440768025955,1519.5204892684962,1517.4614800695688
73,116.31116684275999,120.64407662837898,1519.5204976246944,1517.4614823333868
74,116.31116690254066,120.64407668793311,1519.520487880593,1517.4614807338837
75,116.31116716473976,120.64407694990545,1519.5204783940383,1517.4614810666528
76,116.31116702428076,120.64407680922007,1519.5204923687413,1517.4614760682882
77,116.31116714289396,120.6440769276064,1519.52050025793,1517.4614759122194
78,116.31116718119449,120.64407696567926,1519.5204966298384,1517.4614849866514
79,116.31116680702439,120.64407659128379,1519.5204930947768,1517.4614712230616
80,116.31116726186714,120.6440770459,1519.520478611415,1517.46147008616
81,116.31116739429368,120.6440771780983,1519.5204917320293,1517.4614830828334
82,116.31116677367818,120.64407655725567,1519.5204937684528,1517.461486349677
83,116.31116677141812,120.64407655477063,1519.5204797942718,1517.4614695954974
84,116.31116699275636,120.64407677588213,1519.5204871805108,1517.4614684543576
85,116.31116698224102,120.64407676513984,1519.5204891987905,1517.4614697571221
86,116.31116705646033,120.64407683913035,1519.5204963049632,1517.4614891932408
87,116.31116693507181,120.64407671751557,1519.5205032527463,1517.4614831640245
88,116.3111669664043,120.64407674862314,1519.5204799129647,1517.461466805475
89,116.31116699337788,120.64407677536795,1519.5204918543207,1517.4614853231171
90,116.31116676524306,120.64407654700717,1519.520493709379,1517.4614768045253
91,116.3111670133838,120.64407679492072,1519.5204858087832,1517.4614815752814
92,116.31116695492203,120.64407673623275,1519.5204973010511,1517.4614745163803
93,116.31116688734282,120.64407666842506,1519.520503793346,1517.4614906530285
94,116.3111671974441,120.64407697830173,1519.5204866258266,1517.461470733818
95,116.31116703841923,120.64407681905014,1519.5204791287622,1517.461470567991
96,116.31116717890245,120.64407695930579,1519.5204810016924,1517.4614783318702
97,116.31116678562144,120.64407656579621,1519.5204965146647,1517.4614945433145
98,116.31116699697641,120.64407677692611,1519.5204891453532,1517.4614780153713
99,116.31116684158394,120.64407662130576,1519.5205042671598,1517.4614873027347
100,116.31116675058979,120.64407653008426,1519.5205102409698,1517.4614921329296
101,116.31116683540579,120.6440766146754,1519.5204898087618,1517.4614750507662
102,116.31116691041723,120.64407668945778,1519.5205044853935,1517.4614963389215
103,116.31116689300349,120.64407667181857,1519.5204973925038,1517.4614837158479
104,116.31116680710134,120.64407658569012,1519.5204989473036,1517.4614785642677
105,116.31116715572593,120.64407693408855,1519.5204751759652,1517.461474901625
106,116.31116719951689,120.64407697765336,1519.5204852630739,1517.4614672229523
107,116.31116746437971,120.64407724228957,1519.5204827484042,1517.4614655470514
108,116.31116727593634,120.64407705361735,1519.5205007826382,1517.4614844559155
109,116.31116710112721,120.64407687858241,1519.5204900481863,1517.4614757591958
110,116.3111672802595,120.64407705748641,1519.5204996365424,1517.4614896869123
111,116.31116698177107,120.64407675877213,1519.5204891047947,1517.4614814783279
112,116.31116709975525,120.64407687652962,1519.5204906229085,1517.4614803150823
113,116.31116682964516,120.64407660619372,1519.5204842755732,1517.4614710674261
114,116.3111674405523,120.64407721687385,1519.520485808772,1517.461472920659
115,116.31116707831517,120.64407685440929,1519.5204873152582,1517.4614793329895
116,116.31116713736019,120.64407691322732,1519.5204849769596,1517.4614817070812
117,116.31116721980611,120.64407699544616,1519.5204864673506,1517.4614845958004
118,116.31116700232714,120.64407677774062,1519.5204954416042,1517.4614808860892
119,116.31116714952005,120.64407692470664,1519.520485645778,1517.46148326967
120,116.31116727186688,120.64407704682748,1519.5204833985335,1517.4614754785757
121,116.3111670378945,120.64407681262844,1519.5204848519268,1517.4614737852064
122,116.31116735363524,120.64407712814194,1519.5204899146242,1517.4614776991718
123,116.31116690468527,120.64407667896548,1519.52048768895,1517.4614749846116
124,116.31116715887062,120.64407693292472,1519.5204854977378,1517.4614681711926
125,116.31116708629176,120.64407686011843,1519.5204833412654,1517.4614751652127
126,116.31116715054097,120.64407692414107,1519.52048473741,1517.4614724360765
127,116.3111670915928,120.64407686496493,1519.5205000776734,1517.4614825281844
128,116.3111670189789,120.64407679212563,1519.5204805362644,1517.4614710698538
129,116.31116704337133,120.64407681629048,1519.5204853603686,1517.4614786125276
130,116.31116718236193,120.64407695505462,1519.5204866977394,1517.4614748452998
131,116.31116719669619,120.64407696916228,1519.5204846302177,1517.4614731320032
132,116.31116698379499,120.6440767560329,1519.5204993956065,1517.4614853483993
133,116.31116690572851,120.64407667774013,1519.5204905933792,1517.461481575688
134,116.31116706623953,120.64407683802524,1519.520488542907,1517.4614726221487
135,116.31116712043102,120.64407689198978,1519.5204865226272,1517.4614745235115
136,116.31116715382693,120.64407692515812,1519.5204943180197,1517.4614816130859
137,116.31116702492164,120.64407679602603,1519.5204955240863,1517.461481452916
138,116.31116696460167,120.64407673547916,1519.5204934968594,1517.461482850177
139,116.31116699136396,120.6440767620147,1519.5204914981953,1517.4614826911186
140,116.31116685872851,120.64407662915336,1519.5204863596311,1517.4614741978282
141,116.31116698145236,120.64407675164975,1519.5204938813677,1517.4614797633715
142,116.3111669616681,120.6440767316392,1519.5204887976167,1517.4614754229183
143,116.31116709714824,120.64407686689239,1519.52049309473,1517.4614762992562
144,116.31116690422976,120.64407667374697,1519.5204911684189,1517.4614782242854
145,116.31116713263472,120.64407690192553,1519.5204862074188,1517.461474914987
146,116.31116713900558,120.64407690807043,1519.5204813136068,1517.4614668758968
147,116.31116714927762,120.64407691811479,1519.5204885651144,1517.4614750992769
148,116.3111671354206,120.64407690403087,1519.520489720431,1517.4614759798947
149,116.31116691113924,120.64407667952251,1519.5204878808772,1517.46147844312
150,116.31116705670108,120.64407682485816,1519.5204890256716,1517.4614719518393
151,116.31116701411192,120.64407678204147,1519.5204930947546,1517.4614791642787
152,116.3111669137657,120.6440766814683,1519.5204941902443,1517.4614805825336
153,116.31116697769052,120.64407674516717,1519.5204894676467,1517.4614724850528
154,116.3111668929192,120.6440766601688,1519.520490571818,1517.4614749567402
155,116.31116707554686,120.64407684256933,1519.5204916620569,1517.4614784957907
156,116.31116718404274,120.64407695083865,1519.5204898921384,1517.4614762049023
157,116.31116700540498,120.6440767719741,1519.5204881449101,1517.4614765659262
158,116.3111669550166,120.64407672135863,1519.520494852159,1517.4614785240778
159,116.31116707343827,120.64407683955409,1519.520487508642,1517.461473561118
160,116.31116698131817,120.644076747207,1519.5204885837995,1517.461475519668
161,116.31116694331757,120.64407670897951,1519.5204951643625,1517.4614753472404
162,116.31116716626325,120.64407693169873,1519.5204879535634,1517.4614730357764
163,116.31116708588246,120.6440768510915,1519.5204862820628,1517.4614696486954
164,116.31116698668737,120.64407675166866,1519.5204900477593,1517.4614791140434
165,116.31116699921692,120.64407676397202,1519.5204910758132,1517.4614725073843
166,116.3111668648642,120.64407662939207,1519.5204894151327,1517.4614777015468
167,116.31116692469838,120.6440766889994,1519.5204904349675,1517.4614780683905
168,116.3111671027436,120.64407686681895,1519.520486152876,1517.461466589864
169,116.31116706016769,120.64407682401566,1519.5204898085917,1517.461472335313
170,116.31116697521878,120.6440767388396,1519.5204908079688,1517.461475935278
171,116.3111667706401,120.64407653403403,1519.5204943946683,1517.4614763018799
172,116.31116694729073,120.64407671045763,1519.5204953559833,1517.4614788334893
173,116.31116687535325,120.64407663829418,1519.520488599953,1517.461471078589
174,116.31116712948638,120.64407689220057,1519.5204870295513,1517.461470897503
175,116.31116692540262,120.64407668788927,1519.5204930946902,1517.4614777755555
176,116.3111669351265,120.64407669738719,1519.5204889916972,1517.4614694480526
177,116.31116694105735,120.64407670309062,1519.5204924671484,1517.4614757965642
178,116.3111670774291,120.64407683923552,1519.5204934064593,1517.4614761650005
179,116.31116705700398,120.64407681858444,1519.5204844043267,1517.4614688965441
180,116.31116703415883,120.64407679551253,1519.5204878482969,1517.461467619825
181,116.31116696226105,120.64407672338757,1519.5204887980717,1517.4614718097107
182,116.31116701814389,120.64407677904317,1519.5204897363922,1517.4614765563665
183,116.31116697754142,120.644076738214,1519.5204882369296,1517.461475832724
184,116.31116701117683,120.64407677162302,1519.5204843378378,1517.4614723616273
185,116.31116702985327,120.644076790072,1519.5204948967266,1517.4614771277863
186,116.31116696067357,120.64407672066564,1519.520493393157,1517.4614764005594
187,116.31116705072687,120.64407681049192,1519.5204919066696,1517.4614789796756
188,116.3111669591899,120.64407671872841,1519.5204927997675,1517.4614760474194
189,116.31116705284225,120.64407681215467,1519.5204866270449,1517.4614697932059
190,116.31116721514144,120.64407697422695,1519.5204875371937,1517.4614707130854
191,116.31116702923559,120.64407678809381,1519.5204907668158,1517.4614755121056
192,116.31116709636476,120.64407685499627,1519.520489332654,1517.4614747793735
193,116.31116693725198,120.64407669565617,1519.5204948226833,1517.4614795947455
194,116.31116700419746,120.64407676237559,1519.5204865057865,1517.4614733066337
195,116.31116703558315,120.64407679353488,1519.520485114069,1517.461469227663
196,116.31116709853207,120.64407685625636,1519.520486005136,1517.4614762838944
197,116.31116716121286,120.64407691871085,1519.520486887255,1517.4614705250897
198,116.31116708196241,120.64407683923355,1519.5204877606964,1517.4614708975378
199,116.3111668617472,120.64407661879136,1519.5204908604812,1517.4614723892685
200,116.31116694448603,120.64407670130329,1519.5204894815322,1517.4614738841162
201,116.31116696530515,120.64407672189587,1519.5204859046576,1517.4614720195766
202,116.31116693996736,120.64407669633104,1519.52049116867,1517.4614735183186
203,116.311166950826,120.64407670696313,1519.5204854273652,1517.461472209809
204,116.3111669656314,120.64407672154188,1519.52048846224,1517.4614697724412
205,116.31116704400176,120.64407679968545,1519.5204871283904,1517.4614701458097
206,116.31116696825335,120.64407672371023,1519.5204879671167,1517.4614699574693
207,116.31116705957882,120.64407681480891,1519.520488797343,1517.4614697676402
208,116.31116693692371,120.64407669192626,1519.5204938968407,1517.4614769315647
209,116.3111669416781,120.64407669645469,1519.5204861783675,1517.461469387948
210,116.31116712427462,120.64407687882476,1519.5204827688578,1517.4614663604166
211,116.31116693917117,120.64407669349359,1519.5204899327416,1517.4614752511552
212,116.3111670084477,120.64407676254362,1519.5204886360596,1517.461472224551
213,116.31116711106857,120.64407686493763,1519.520487351424,1517.4614731747447
214,116.31116706254682,120.64407681618924,1519.5204902364273,1517.461470708059
215,116.31116706876315,120.64407682217887,1519.5204868874855,1517.461470516999
216,116.31116699731783,120.64407675050647,1519.5204918075638,1517.4614726117632
217,116.3111671359206,120.64407688888292,1519.5204843819683,1517.4614689905015
218,116.31116700625122,120.64407675898617,1519.5204913092493,1517.4614739530261
219,116.31116698618831,120.64407673869685,1519.5204859848554,1517.4614708977304
220,116.31116698998571,120.644076742267,1519.520490819305,1517.461474726269
221,116.31116700121251,120.64407675326747,1519.520489572049,1517.4614699390297
222,116.31116704496264,120.6440767967905,1519.5204863303866,1517.4614743527293
223,116.31116695170294,120.64407670330381,1519.5204930949835,1517.461474742044
224,116.31116696217642,120.64407671355035,1519.5204918535705,1517.4614768638814
225,116.31116682285376,120.64407657400105,1519.520490623624,1517.4614755228683
226,116.31116697671881,120.64407672763934,1519.520489403825,1517.4614753358194
227,116.31116694099671,120.6440766916908,1519.520486234375,1517.4614722499923
228,116.31116712474024,120.64407687520752,1519.5204889478466,1517.4614714782438
229,116.31116710502145,120.64407685526243,1519.5204819216913,1517.461467798839
230,116.31116703724106,120.64407678725505,1519.5204884997866,1517.461468182347
231,116.31116695056105,120.64407670034744,1519.520491168222,1517.4614767236033
232,116.31116694814092,120.64407669770117,1519.5204880600127,1517.461470120043
233,116.31116694537134,120.64407669470437,1519.5204907073487,1517.4614745968888
234,116.31116697890839,120.64407672801475,1519.5204895290922,1517.4614732375558
235,116.3111669474098,120.64407669628908,1519.5204921483655,1517.4614759735139
236,116.31116684324702,120.6440765918999,1519.5204872023603,1517.4614728523939
237,116.31116701781868,120.64407676624465,1519.52048793115,1517.4614738334715
238,116.31116708450726,120.64407683270619,1519.5204923939345,1517.4614754057502
239,116.3111669285981,120.6440766765703,1519.5204875085533,1517.4614763930492
240,116.31116698003754,120.64407672778329,1519.5204900818258,1517.4614714875063
241,116.31116707173884,120.64407681925817,1519.5204833991697,1517.4614689294062
242,116.31116693190317,120.64407667919478,1519.5204933241243,1517.4614770050532
243,116.31116695128561,120.64407669835082,1519.5204885157502,1517.4614738571954
244,116.3111670338873,120.64407678072577,1519.520487393803,1517.4614736624526
245,116.31116697886381,120.64407672547537,1519.5204899152925,1517.4614740622849
246,116.31116697373056,120.64407672011573,1519.5204869881043,1517.4614703032528
247,116.31116702196262,120.64407676812034,1519.5204912927775,1517.4614766488617
248,116.31116701833625,120.64407676426728,1519.5204883836,1517.4614764582607
249,116.31116688168598,120.64407662739096,1519.5204872854276,1517.4614679147733
250,116.31116706561181,120.64407681108955,1519.5204861951702,1517.461473685363
251,116.31116708140823,120.64407682665941,1519.5204851139868,1517.4614710971177
252,116.31116697483588,120.64407671986012,1519.5204875745137,1517.4614720959873
253,116.31116697206852,120.64407671686583,1519.520488255762,1517.4614736964443
254,116.31116706466734,120.64407680923814,1519.5204871799071,1517.461470497592
255,116.31116699609564,120.64407674043919,1519.5204896035495,1517.4614751072575
256,116.31116701494555,120.64407675906287,1519.520485052153,1517.4614700947948
257,116.31116706454108,120.64407680843131,1519.5204891970911,1517.4614723044695
258,116.3111669517229,120.64407669538573,1519.5204933105863,1517.4614781436542
259,116.3111669097232,120.64407665315963,1519.5204905165444,1517.4614743239918
260,116.31116698148126,120.64407672469135,1519.5204843186798,1517.4614710990681
261,116.31116709766385,120.64407684064729,1519.5204866977297,1517.4614684724163
262,116.31116699491761,120.64407673767342,1519.5204924578445,1517.4614767663975
263,116.31116701931265,120.64407676184234,1519.5204880163074,1517.4614698844373
264,116.31116711362016,120.64407685592286,1519.5204869814715,1517.46147272391
265,116.31116711321489,120.64407685529105,1519.5204893143273,1517.4614688654085
266,116.31116697369475,120.64407671554328,1519.5204933041323,1517.4614778157493
267,116.31116709163673,120.64407683325895,1519.52049059336,1517.4614727312446
268,116.31116700217527,120.64407674357078,1519.5204895641348,1517.4614719174635
269,116.31116696174544,120.64407670291376,1519.52049019853,1517.461476618486
270,116.31116699348813,120.6440767344301,1519.52048752903,1517.4614721250543
271,116.31116694632941,120.6440766870444,1519.520488165344,1517.4614743802128
272,116.31116701450414,120.64407675499247,1519.5204887973564,1517.4614723338568
273,116.31116702450258,120.64407676476418,1519.520489424746,1517.4614715136383
274,116.31116696703128,120.64407670706623,1519.5204867974107,1517.461470691833
275,116.31116703616476,120.64407677597292,1519.5204874273363,1517.4614704853661
276,116.31116697719408,120.64407671677533,1519.5204880532413,1517.4614715166167
277,116.31116699048407,120.64407672983813,1519.5204902817243,1517.4614756490896
278,116.31116702503421,120.64407676416138,1519.5204924940892,1517.4614760693053
279,116.31116705949547,120.6440767983963,1519.5204883062247,1517.461472140586
280,116.31116701561855,120.64407675429273,1519.5204857386664,1517.4614713122867
281,116.31116697222315,120.64407671067057,1519.5204879439168,1517.4614698589553
282,116.31116695885538,120.64407669707596,1519.5204885545668,1517.461470273362
283,116.31116695258382,120.64407669057756,1519.520486013547,1517.4614719393999
284,116.31116696812862,120.64407670589516,1519.5204881942752,1517.4614761123887
285,116.31116700543868,120.64407674297877,1519.5204887974678,1517.46147152427
286,116.3111670224307,120.64407675974414,1519.5204878389022,1517.4614700604461
287,116.31116697925174,120.64407671633805,1519.5204884396287,1517.4614742494005
288,116.3111670475375,120.6440767843972,1519.520485942464,1517.4614727857984
289,116.311167050381,120.64407678701392,1519.5204880861859,1517.4614719480246
290,116.31116702870057,120.64407676510703,1519.5204840713243,1517.4614692145578
291,116.31116698944497,120.64407672562454,1519.5204862072371,1517.461469633417
292,116.31116697610389,120.64407671205632,1519.5204868029814,1517.4614738509958
293,116.31116700244817,120.64407673817365,1519.5204919548644,1517.4614736442757
294,116.31116698986072,120.64407672535997,1519.5204849515067,1517.4614696280014
295,116.31116707259069,120.64407680786275,1519.52048856497,1517.4614732277412
296,116.31116695401178,120.64407668905675,1519.5204921541442,1517.4614755649425
297,116.31116703783717,120.64407677265591,1519.5204852210509,1517.4614708977974
298,116.31116697458287,120.64407670917464,1519.5204873030054,1517.4614725996564
299,116.31116701060704,120.64407674497176,1519.520490860175,1517.4614743067252
300,116.31116689526799,120.64407662940602,1519.520491424434,1517.4614728178954
301,116.31116695050439,120.64407668441547,1519.5204890255388,1517.4614758120608
302,116.31116705356224,120.64407678724672,1519.5204881166628,1517.4614736790536
303,116.31116702384318,120.64407675730112,1519.5204857441329,1517.4614715406492
304,116.31116699741172,120.64407673064271,1519.5204892482138,1517.4614719709493
305,116.31116706257126,120.64407679557569,1519.5204854271183,1517.4614704678202
306,116.31116699652537,120.64407672930272,1519.5204889091087,1517.461472834211
307,116.31116701279362,120.64407674534431,1519.5204851134602,1517.4614726215004
308,116.3111670305306,120.6440767628541,1519.5204900213473,1517.4614756461333
309,116.31116692384327,120.64407665594024,1519.5204876884052,1517.4614734912784
310,116.31116698793346,120.64407671980386,1519.5204853706869,1517.461471330735
311,116.3111670785649,120.64407681020872,1519.5204845000244,1517.4614691632548
312,116.31116703918818,120.64407677060515,1519.5204864908294,1517.461468943668
313,116.31116705187779,120.64407678306776,1519.5204870455148,1517.4614713323483
314,116.31116701387754,120.64407674484058,1519.5204875966454,1517.461473074785
315,116.31116705417298,120.64407678490946,1519.520488144607,1517.4614695891964
316,116.31116707127883,120.64407680178877,1519.5204844591249,1517.4614680583168
317,116.31116710678867,120.64407683707157,1519.5204850136327,1517.461471115744
318,116.3111670313594,120.6440767614152,1519.5204869651157,1517.4614741824626
319,116.31116692623704,120.64407665606575,1519.5204903020165,1517.4614766007167
320,116.31116686328684,120.64407659288891,1519.5204908327412,1517.4614744123562
321,116.31116692882169,120.64407665819705,1519.5204899720225,1517.4614735376188
322,116.31116705892317,120.64407678807208,1519.5204891166575,1517.4614693554513
323,116.31116695610447,120.64407668502609,1519.5204910259201,1517.4614750899912
324,116.31116714159585,120.64407687029131,1519.5204846718602,1517.4614695720231
325,116.31116712734016,120.64407685580863,1519.520487953809,1517.4614706763502
326,116.311167037655,120.64407676589668,1519.5204857483518,1517.4614717839902
327,116.31116689363792,120.6440766216527,1519.520487644793,1517.461472229475
328,116.3111670282391,120.64407675602669,1519.5204895290371,1517.4614766768418
329,116.31116693196924,120.64407665953044,1519.520487338864,1517.4614724557487
330,116.31116693961403,120.64407666694834,1519.5204878630616,1517.4614735729947
331,116.31116706057,120.6440767876778,1519.520487037213,1517.4614700045288
332,116.31116692504888,120.64407665192994,1519.520486216651,1517.4614697798502
333,116.31116692844589,120.6440766550997,1519.5204920913961,1517.461472913242
334,116.31116706599181,120.64407679241913,1519.5204859239725,1517.4614720189081
335,116.31116709185116,120.64407681805183,1519.5204864439954,1517.4614697744303
336,116.3111669658523,120.64407669182587,1519.5204869615231,1517.4614735970952
337,116.31116709265893,120.64407681840576,1519.5204874749668,1517.4614726999998
338,116.31116698216545,120.64407670768549,1519.520487986274,1517.4614724768478
339,116.31116695292175,120.6440766782148,1519.5204898084435,1517.4614742873987
340,116.31116698218244,120.64407670724924,1519.5204850669727,1517.46146931305
341,116.31116700182946,120.64407672666931,1519.5204868873168,1517.461470444132
342,116.31116701198692,120.64407673659998,1519.5204873939485,1517.461470216115
343,116.31116701029173,120.64407673467778,1519.5204865990054,1517.4614733985609
344,116.31116709964506,120.64407682380418,1519.5204883990195,1517.4614745408094
345,116.31116702908056,120.64407675301324,1519.5204850217156,1517.4614715818896
346,116.31116698275873,120.64407670646418,1519.520490680119,1517.4614747804367
347,116.31116697495582,120.64407669843472,1519.5204886001682,1517.4614724989985
348,116.31116692387037,120.6440766471228,1519.5204839704652,1517.4614702100034
349,116.31116698067876,120.644076703704,1519.5204883064355,1517.4614734220218
350,116.31116707034806,120.64407679314655,1519.5204875242928,1517.4614731956065
351,116.31116690056103,120.64407662313263,1519.5204880160402,1517.4614743502455
352,116.31116691054496,120.6440766328899,1519.520488505379,1517.4614720502027
353,116.31116699590066,120.64407671801872,1519.520488991668,1517.4614732063174
354,116.31116704870546,120.64407677059687,1519.520486957508,1517.461472284554
355,116.31116700798293,120.6440767296477,1519.5204874452568,1517.4614699712317
356,116.31116698349958,120.64407670493755,1519.5204854270924,1517.4614711291426
357,116.31116710552809,120.64407682673956,1519.5204834196613,1517.4614681097348
358,116.31116696644573,120.64407668743006,1519.520486403591,1517.4614713629971
359,116.31116704318296,120.6440767639403,1519.5204881289176,1517.4614732276966
360,116.31116702912686,120.64407674965756,1519.5204861309494,1517.461472298054
361,116.31116702271443,120.64407674301823,1519.520487847643,1517.4614727675848
362,116.31116694785428,120.64407666793143,1519.5204858611942,1517.4614718337782
363,116.31116697420096,120.64407669405122,1519.520487569591,1517.461472304378
364,116.31116696217805,120.64407668180131,1519.5204892685103,1517.4614741857674
365,116.31116700583286,120.64407672522987,1519.5204848520145,1517.4614690154324
366,116.31116695789214,120.6440766770622,1519.5204865490873,1517.461470190601
367,116.31116700837543,120.64407672731895,1519.5204833793296,1517.4614685378074
368,116.31116707945145,120.64407679816773,1519.5204874932303,1517.4614725521906
369,116.31116709643514,120.64407681492487,1519.5204867531038,1517.461469476632
370,116.31116700386815,120.64407672213133,1519.5204848129556,1517.4614671037075
371,116.31116693379236,120.64407665182816,1519.5204900913868,1517.4614725601227
372,116.31116707632819,120.64407679413767,1519.5204833597006,1517.461469470163
373,116.31116708679885,120.64407680438174,1519.5204838332456,1517.4614663705527
374,116.31116703576497,120.64407675312087,1519.5204843051645,1517.4614689882476
375,116.31116700346836,120.64407672059745,1519.520484774553,1517.4614687468854
376,116.31116697141479,120.64407668831646,1519.5204887974833,1517.4614756856652
377,116.31116708119478,120.64407679787034,1519.5204833403516,1517.4614689791958
378,116.31116705023007,120.64407676667834,1519.5204873459559,1517.4614737795373
379,116.31116706981727,120.64407678603915,1519.520485450059,1517.4614692135467
380,116.31116707838181,120.64407679437703,1519.5204859095493,1517.4614668011773
381,116.31116696412718,120.64407667989546,1519.5204863673923,1517.4614687255792
382,116.31116698189959,120.64407669744064,1519.5204891567478,1517.4614735568928
383,116.31116698286293,120.64407669817723,1519.5204884393572,1517.4614733188573
384,116.31116705198325,120.6440767670712,1519.5204842433586,1517.461469442309
385,116.31116710970961,120.64407682457067,1519.5204858583156,1517.4614699259535
386,116.31116699820117,120.64407671283523,1519.5204863101153,1517.4614726005711
387,116.3111669717343,120.64407668614146,1519.5204867597229,1517.461473822075
388,116.31116711424242,120.64407682842324,1519.5204837596868,1517.4614691881734
389,116.31116697848185,120.64407669243562,1519.5204876513667,1517.4614704087255
390,116.31116702657438,120.64407674030132,1519.520485808019,1517.4614723670663
391,116.31116700404085,120.64407671754104,1519.5204873941768,1517.461470652014
392,116.3111670604274,120.64407677370077,1519.520487835016,1517.4614704060582
393,116.31116701460635,120.64407672765279,1519.52048827365,1517.461472374124
394,116.31116699050993,120.64407670332977,1519.520487578755,1517.461469911385
395,116.31116708568163,120.64407679827472,1519.520484630178,1517.4614711445936
396,116.31116704606278,120.64407675842938,1519.5204839478079,1517.4614671870424
397,116.31116699307887,120.64407670521793,1519.520488883838,1517.4614751091817
398,116.31116704483993,120.64407675675275,1519.5204837138274,1517.4614704010326
399,116.3111670657085,120.64407677739433,1519.5204863907973,1517.4614716432247
400,116.31116697902469,120.64407669048347,1519.5204879401217,1517.461474383479
401,116.3111669900993,120.64407670133147,1519.5204872576608,1517.4614718947778
402,116.31116708428189,120.64407679528762,1519.520483252577,1517.4614693986182
403,116.31116699363585,120.64407670441439,1519.5204870105395,1517.4614728995728
404,116.31116690944827,120.6440766200001,1519.5204874389287,1517.461471147832
405,116.31116695342209,120.64407666374728,1519.5204867656043,1517.4614693912297
406,116.31116715296542,120.64407686306396,1519.520484996343,1517.461468382455
407,116.31116701283922,120.64407672271084,1519.520486521917,1517.4614696376957
408,116.31116705165118,120.64407676129575,1519.5204880408437,1517.4614724120245
409,116.31116697719881,120.64407668661711,1519.5204841016518,1517.4614668523031
410,116.31116694326482,120.64407665245594,1519.520486706032,1517.4614711505003
411,116.31116704406969,120.64407675303421,1519.5204838742043,1517.4614701366381
412,116.31116702074868,120.64407672948622,1519.5204864667292,1517.4614714059187
413,116.31116702376605,120.64407673227723,1519.520484728317,1517.4614658068397
414,116.31116702283748,120.64407673112171,1519.5204862293867,1517.4614670732713
415,116.31116700260151,120.64407671065811,1519.5204898716572,1517.461477537584
416,116.31116715073816,120.64407685856835,1519.5204870658174,1517.4614734558008
417,116.311167034933,120.64407674253671,1519.5204853432047,1517.461470128813
418,116.31116708287023,120.64407679024704,1519.5204878943123,1517.4614698700825
419,116.31116706054468,120.64407676769484,1519.5204851142726,1517.4614696117517
420,116.31116694906618,120.6440766559894,1519.5204865930268,1517.4614708978518
421,116.31116705158527,120.6440767582816,1519.520485945762,1517.461472961351
422,116.31116709301183,120.64407679948171,1519.5204842460337,1517.4614688296483
423,116.31116699900925,120.64407670525222,1519.5204857160527,1517.461469343535
424,116.31116698704066,120.6440766930565,1519.5204861279974,1517.461474529061
425,116.3111668902616,120.64407659605074,1519.5204875869338,1517.4614719368246
426,116.31116709482704,120.64407680038939,1519.5204869455504,1517.461472458956
427,116.31116708759042,120.64407679292607,1519.520486307448,1517.4614714190168
428,116.3111670563658,120.64407676147466,1519.5204856719743,1517.4614719421859
429,116.31116709702553,120.64407680190783,1519.5204850396785,1517.4614685425852
430,116.31116701951521,120.64407672417076,1519.520484410299,1517.46146827636
431,116.3111670302076,120.6440767346362,1519.5204858529369,1517.4614695848604
432,116.31116705549745,120.64407675969912,1519.5204872887823,1517.4614708975257
433,116.31116705598065,120.64407675995557,1519.5204866586873,1517.461470633716
434,116.31116705831539,120.64407676206338,1519.520488085865,1517.4614719530819
435,116.31116703741696,120.64407674093844,1519.5204854064057,1517.461469310312
436,116.31116710156843,120.64407680486292,1519.5204858076734,1517.4614722216568
437,116.31116698812149,120.64407669118918,1519.5204872274498,1517.4614711626111
438,116.31116705232773,120.64407675516897,1519.5204855864242,1517.4614669092466
439,116.31116706685317,120.64407676946767,1519.5204849687723,1517.4614666361267
440,116.31116709707347,120.64407679946156,1519.5204813135715,1517.4614631601366
441,116.31116701547693,120.64407671763769,1519.5204847528328,1517.4614692938812
442,116.31116707466254,120.6440767765964,1519.5204861586303,1517.4614698261498
443,116.31116704421625,120.64407674592317,1519.520486551979,1517.4614719702386
444,116.3111671346338,120.64407683611414,1519.5204849340362,1517.4614700907305
445,116.31116704384102,120.6440767450949,1519.5204823224958,1517.4614665901145
446,116.31116700612378,120.64407670715057,1519.5204847207685,1517.4614695488353
447,116.31116701004093,120.64407671084082,1519.5204851138037,1517.4614708974718
448,116.3111670101531,120.64407671072644,1519.5204845097205,1517.461467378564
449,116.31116698739658,120.64407668774287,1519.5204858939833,1517.4614703550162
450,116.31116704736498,120.64407674748438,1519.520486281785,1517.461471712477
451,116.31116704794925,120.64407674784206,1519.5204856790328,1517.4614689921214
452,116.31116708787982,120.64407678754569,1519.5204870517587,1517.4614703517218
453,116.3111670234791,120.64407672291802,1519.520486449949,1517.4614733557532
454,116.31116697631187,120.64407667552395,1519.5204878154066,1517.4614730872902
455,116.31116705975006,120.64407675873548,1519.5204852538448,1517.4614728164795
456,116.31116704890852,120.64407674766738,1519.520484660013,1517.4614692494144
457,116.3111670615794,120.64407676011118,1519.520487970966,1517.461471446946
458,116.31116703645648,120.64407673476187,1519.5204844528898,1517.4614678647924
459,116.311166993466,120.64407669154424,1519.5204867797127,1517.4614717262355
460,116.31116706801296,120.64407676586455,1519.520487156334,1517.4614689602554
461,116.31116702951293,120.64407672713787,1519.5204855975778,1517.4614678479184
462,116.3111671046947,120.64407680209281,1519.5204850104003,1517.4614692309701
463,116.31116707135509,120.6440767685264,1519.5204853891662,1517.4614689495488
464,116.31116700276334,120.64407669970765,1519.520485765972,1517.4614720124048
465,116.31116701218146,120.64407670889892,1519.52048614156,1517.4614725731144
466,116.31116707489284,120.64407677138391,1519.520484600949,1517.4614672594919
467,116.31116694332808,120.6440766395923,1519.5204830678472,1517.461469495772
468,116.31116693533698,120.64407663137386,1519.5204910698628,1517.4614717405307
469,116.31116704742197,120.64407674323252,1519.5204857250042,1517.4614689274517
470,116.311167086672,120.64407678225614,1519.520483249989,1517.461464412746
471,116.3111669862652,120.6440766816219,1519.520487413516,1517.4614717447987
472,116.31116702325768,120.64407671838768,1519.5204849451884,1517.461472312549
473,116.31116712082081,120.64407681572432,1519.5204824872653,1517.4614694797026
474,116.31116709541757,120.64407679009418,1519.5204838031477,1517.4614700447632
475,116.3111670254875,120.64407671993698,1519.5204860525935,1517.4614740283594
476,116.31116700926296,120.64407670348558,1519.5204882928351,1517.4614728937806
477,116.3111671266775,120.64407682067402,1519.5204830434454,1517.4614657546574
478,116.31116702905584,120.6440767228255,1519.5204843472563,1517.461465458108
479,116.31116704645598,120.64407673999861,1519.520484714646,1517.4614694631032
480,116.31116696741242,120.6440766607283,1519.5204860096987,1517.4614674487113
481,116.31116697289906,120.64407666598795,1519.5204872992679,1517.4614697455238
482,116.31116706504216,120.64407675790432,1519.5204858074658,1517.461470320085
483,116.3111670710612,120.6440767636965,1519.520486169016,1517.4614708973638
484,116.3111670343307,120.6440767267393,1519.520485607591,1517.461469739003
485,116.3111670693124,120.64407676149422,1519.5204850482799,1517.4614703171171
486,116.31116699714823,120.64407668910324,1519.520486326588,1517.4614691533843
487,116.31116698981714,120.64407668154506,1519.5204885154453,1517.4614723537538
488,116.3111670744683,120.64407676597017,1519.5204833837665,1517.4614641840662
489,116.31116704964126,120.64407674091599,1519.520483745564,1517.4614700194302
490,116.31116699339616,120.64407668444423,1519.5204850164755,1517.4614662093675
491,116.31116703578842,120.64407672660936,1519.5204871902313,1517.4614703103096
492,116.31116704393246,120.64407673452695,1519.5204857289261,1517.4614656021538
493,116.31116705854662,120.64407674891397,1519.5204869876038,1517.4614706022464
494,116.31116706422395,120.64407675436489,1519.5204846298404,1517.4614658760065
495,116.31116697437396,120.64407666428792,1519.5204849850388,1517.4614691215447
496,116.31116704941736,120.64407673910448,1519.5204862379153,1517.461468821443
497,116.31116698298628,120.64407667244639,1519.5204847932898,1517.4614738684643
498,116.31116700168955,120.64407669092293,1519.520486937181,1517.4614708975812
499,116.31116705757876,120.64407674658553,1519.520486390408,1517.4614679140682
500,116.31116701886324,120.64407670764318,1519.5204858467318,1517.4614694034633
501,116.31116706533231,120.64407675388529,1519.5204853045902,1517.461472693956
502,116.31116706371124,120.64407675203792,1519.520483876281,1517.461465195701
503,116.31116704214475,120.6440767302442,1519.520485113761,1517.461472099967
504,116.31116700973178,120.64407669760452,1519.5204863467557,1517.4614690899955
505,116.3111670792214,120.64407676686731,1519.5204858075078,1517.461470595345
506,116.31116703648604,120.6440767239054,1519.5204852710785,1517.4614666618506
507,116.31116700889223,120.6440766960847,1519.5204847367559,1517.4614690787223
508,116.3111669221028,120.64407660906832,1519.5204868387273,1517.4614696827573
509,116.31116700292121,120.64407668965994,1519.520485426816,1517.4614712019036
510,116.31116703211708,120.64407671862905,1519.520485769633,1517.4614699823585
511,116.31116704080398,120.6440767270894,1519.5204852383094,1517.4614660073935
512,116.31116709871492,120.6440767847733,1519.520486451528,1517.4614693661017
513,116.31116700113803,120.64407668696987,1519.5204859213375,1517.4614653736921
514,116.3111670075523,120.64407669315709,1519.5204862605267,1517.4614696672904
515,116.31116709943689,120.64407678481503,1519.5204840002152,1517.46146935664
516,116.31116706543975,120.6440767505914,1519.5204826128236,1517.46146533879
517,116.31116706932457,120.64407675424918,1519.5204838195075,1517.4614687311516
518,116.31116701345897,120.64407669815648,1519.5204858825666,1517.4614721379069
519,116.31116697206177,120.64407665653309,1519.5204836405583,1517.4614634397824
520,116.3111669927274,120.64407667697151,1519.5204848382139,1517.461469651915
521,116.31116700435582,120.6440766883731,1519.5204860311947,1517.4614693373433
522,116.31116706728706,120.64407675107735,1519.5204872195322,1517.4614718352964
523,116.31116705033746,120.64407673390134,1519.5204841390896,1517.4614677639822
524,116.31116710364648,120.64407678698377,1519.520481921385,1517.4614665016911
525,116.31116709361321,120.64407677672335,1519.5204848101541,1517.4614699531373
526,116.31116704210174,120.64407672498518,1519.5204851441063,1517.4614677442567
527,116.31116701460502,120.64407669726167,1519.5204837836388,1517.4614693175622
528,116.31116707074746,120.64407675317707,1519.5204866525855,1517.4614708974243
529,116.31116709681484,120.64407677901791,1519.52048445107,1517.4614686762443
530,116.31116695772869,120.64407663970456,1519.5204873082394,1517.4614731233605
531,116.31116704324754,120.6440767249971,1519.520484273683,1517.4614670728884
532,116.31116713101706,120.64407681253982,1519.5204837659198,1517.4614677035847
533,116.3111670643541,120.64407674565003,1519.5204824235034,1517.4614702568817
534,116.31116716777441,120.64407684884344,1519.5204844274579,1517.461469935121
535,116.31116707519205,120.64407675603438,1519.520483922453,1517.461468646953
536,116.31116705036223,120.64407673097773,1519.5204842516368,1517.4614692868086
537,116.31116706900684,120.6440767493956,1519.5204845797898,1517.4614679919607
538,116.31116705161513,120.64407673177688,1519.5204849063748,1517.461471544281
539,116.31116702581154,120.6440767057466,1519.5204860597435,1517.4614683035327
540,116.31116714845533,120.64407682816383,1519.520483903807,1517.4614660226682
541,116.31116691462836,120.64407659410962,1519.5204867040966,1517.4614715486543
542,116.31116706173422,120.6440767409889,1519.5204837321219,1517.4614712233417
543,116.3111669810325,120.64407666006014,1519.5204873438881,1517.4614718785645
544,116.31116704931077,120.64407672811186,1519.5204852016773,1517.4614695863206
545,116.31116710902008,120.64407678759446,1519.520483885945,1517.4614692545247
546,116.31116714332454,120.64407682167223,1519.5204842089247,1517.4614669465736
547,116.31116703721588,120.64407671533662,1519.5204853467335,1517.4614685874399
548,116.31116700146083,120.64407667935478,1519.5204856661471,1517.4614682516358
549,116.31116700336258,120.64407668102969,1519.5204851718076,1517.4614699030872
550,116.31116700883041,120.64407668627076,1519.5204854902925,1517.4614685722229
551,116.3111670565229,120.64407673373637,1519.5204849979812,1517.461471230064
552,116.3111670255443,120.64407670253111,1519.5204845074502,1517.4614688953507
553,116.31116699149672,120.64407666825669,1519.5204840188721,1517.4614705627453
554,116.31116698608979,120.64407666262277,1519.5204859477333,1517.4614722380065
555,116.31116700530173,120.64407668160821,1519.520484654419,1517.4614678740022
556,116.31116705529035,120.64407673137003,1519.5204857728572,1517.4614665205497
557,116.31116706717268,120.64407674302556,1519.5204836834603,1517.461469209726
558,116.31116710823032,120.64407678385656,1519.5204832004652,1517.4614668388724
559,116.31116713153148,120.64407680693093,1519.5204835174325,1517.4614664906076
560,116.31116708605005,120.6440767612225,1519.5204846300082,1517.46146919884
561,116.311167037738,120.64407671268356,1519.5204849432187,1517.4614708969202
562,116.31116709935466,120.64407677407353,1519.5204844615023,1517.46146953204
563,116.31116703258003,120.6440767070719,1519.5204855664908,1517.4614722655524
564,116.31116708140695,120.64407675567222,1519.5204842943494,1517.4614698683663
565,116.3111670795355,120.64407675357417,1519.5204838164975,1517.4614664295236
566,116.31116695775751,120.64407663156899,1519.520485704836,1517.4614722752924
567,116.31116703471065,120.64407670829559,1519.5204852260945,1517.46146778993
568,116.31116708839104,120.64407676174933,1519.5204839634196,1517.461466398341
569,116.31116706029502,120.64407673342642,1519.520485057562,1517.46146708162
570,116.3111670087814,120.64407668168589,1519.520484582483,1517.4614698541652
571,116.3111671173379,120.64407679001566,1519.5204848902918,1517.4614684578628
572,116.31116701000882,120.64407668245987,1519.5204836373646,1517.46146810303
573,116.31116707893594,120.6440767511604,1519.5204831671508,1517.4614645953513
574,116.31116705437525,120.6440767263726,1519.5204858077507,1517.4614673877845
575,116.31116707376157,120.64407674553209,1519.5204845594153,1517.461470193961
576,116.31116706786854,120.64407673941236,1519.5204833155685,1517.4614698392918
577,116.31116701039483,120.64407668171185,1519.520484395688,1517.4614684231385
578,116.31116703657797,120.6440767076681,1519.5204847001023,1517.4614701886285
579,116.3111670838253,120.64407675468858,1519.520485774023,1517.461469831984
580,116.31116709439581,120.64407676503251,1519.5204829981162,1517.4614694730647
581,116.31116717752725,120.6440768479373,1519.5204825355418,1517.4614669721825
582,116.31116709859764,120.64407676878078,1519.520482074658,1517.461469824027
583,116.3111671255277,120.64407679548407,1519.5204831456238,1517.4614683871564
584,116.3111670509937,120.64407672072312,1519.5204849771653,1517.4614691000465
585,116.31116703799577,120.6440767074985,1519.5204837517174,1517.461468736055
586,116.31116705307575,120.64407672235163,1519.520484053094,1517.461469452809
587,116.31116704224435,120.64407671129348,1519.5204835936077,1517.4614690872143
588,116.3111669809123,120.64407664973439,1519.5204854118563,1517.4614719859355
589,116.31116698313208,120.64407665172737,1519.520486466454,1517.4614705337844
590,116.31116709686809,120.64407676523693,1519.5204829800414,1517.461467979976
591,116.31116706064861,120.64407672879076,1519.5204832802608,1517.461465413805
592,116.31116704779896,120.64407671571406,1519.520484333118,1517.4614694311724
593,116.31116703825839,120.64407670594684,1519.5204831250978,1517.4614679584477
594,116.31116707854304,120.64407674600464,1519.5204834235426,1517.4614686877826
595,116.31116710431165,120.64407677154637,1519.5204837209942,1517.4614705282117
596,116.31116714003399,120.64407680704205,1519.520483268582,1517.4614679364738
597,116.31116714971049,120.644076816492,1519.5204820705824,1517.4614642189733
598,116.31116701125057,120.64407667780495,1519.5204846074612,1517.4614682938825
599,116.31116707898693,120.64407674531465,1519.5204841560019,1517.4614656770332
600,116.31116702495406,120.64407669105505,1519.5204829625857,1517.4614664119392
601,116.31116700305047,120.64407666892411,1519.5204862273258,1517.4614738952148
602,116.3111671303278,120.64407679597504,1519.5204842929375,1517.4614678916691
603,116.31116706432621,120.64407672974671,1519.520483845085,1517.461467507636
604,116.31116695895646,120.64407662414996,1519.520485615082,1517.461469387152
605,116.31116715043885,120.64407681540595,1519.5204822162095,1517.4614655974206
606,116.3111670760177,120.64407674075757,1519.5204839828873,1517.461473174223
607,116.31116713256196,120.64407679707547,1519.5204828031024,1517.4614648094368
608,116.31116704677454,120.64407671106106,1519.5204845631804,1517.4614667013896
609,116.31116702119952,120.64407668525905,1519.5204848520198,1517.4614708973645
610,116.31116698495335,120.64407664878622,1519.520483676992,1517.461469363542
611,116.31116709495048,120.64407675855666,1519.5204839660098,1517.4614666691139
612,116.31116716899129,120.64407683237083,1519.5204813378743,1517.46146742851
613,116.3111670846875,120.64407674784009,1519.5204838138152,1517.4614670330927
614,116.31116706792243,120.64407673084807,1519.5204841012915,1517.461470122216
615,116.31116712949692,120.64407679219593,1519.5204829370073,1517.4614685668823
616,116.31116709712967,120.64407675960203,1519.5204817764409,1517.461467002709
617,116.31116705020706,120.64407671245243,1519.5204842354829,1517.4614677740688
618,116.31116708784096,120.64407674985962,1519.5204830764055,1517.461467373937
619,116.31116709030664,120.64407675209857,1519.5204833629803,1517.4614657949137
620,116.31116702988894,120.64407669145386,1519.5204836487044,1517.4614701105124
621,116.3111670874121,120.64407674875032,1519.5204832145191,1517.4614685295646
622,116.31116702275393,120.64407668386522,1519.520484934393,1517.4614693144554
623,116.31116712972924,120.64407679061402,1519.520481634664,1517.4614677237462
624,116.31116710704359,120.64407676770149,1519.5204840663957,1517.4614661242324
625,116.31116711209087,120.64407677252203,1519.5204829206216,1517.461466908939
626,116.31116704961796,120.64407670982226,1519.5204839170403,1517.461466499098
627,116.31116703258367,120.64407669256109,1519.5204841986256,1517.461468491559
628,116.31116714143486,120.64407680118548,1519.520483058106,1517.4614704951844
629,116.31116705535227,120.64407671487609,1519.5204840495533,1517.4614688817624
630,116.31116701836167,120.6440766776586,1519.5204843293664,1517.461470897449
631,116.3111671700833,120.64407682915378,1519.520481072586,1517.4614680604782
632,116.31116709246037,120.6440767513036,1519.520484180516,1517.461473741748
633,116.31116712155742,120.64407678017439,1519.5204823441743,1517.461463562189
634,116.31116704601884,120.64407670440877,1519.5204833289433,1517.4614680365507
635,116.31116711944797,120.64407677761112,1519.5204829050524,1517.4614688482286
636,116.31116706449768,120.64407672243404,1519.5204845874418,1517.4614659665503
637,116.31116704811936,120.64407670582901,1519.5204834624892,1517.4614655412472
638,116.31116705635611,120.64407671383891,1519.5204844392642,1517.4614651129384
639,116.3111671595047,120.64407681676076,1519.5204819210483,1517.46146841165
640,116.31116707532397,120.64407673235338,1519.520482200115,1517.461464249906
641,116.31116714390716,120.64407680070947,1519.5204838703507,1517.4614688142117
642,116.31116710005752,120.6440767566332,1519.5204827553268,1517.4614671370464
643,116.31116705047977,120.64407670682846,1519.5204837255467,1517.461470478155
644,116.3111670484296,120.64407670455158,1519.5204833071862,1517.461468796513
645,116.31116703844464,120.64407669433979,1519.52048427354,1517.4614683693217
646,116.31116712768147,120.64407678334987,1519.5204831646347,1517.4614692073494
647,116.31116711363106,120.6440767690728,1519.5204820590045,1517.4614675075
648,116.31116707037988,120.64407672559474,1519.5204837118931,1517.461467072993
649,116.3111670593111,120.6440767142991,1519.5204832964814,1517.4614691920824
650,116.31116702201307,120.64407667677428,1519.520483568986,1517.4614687601643
651,116.31116695732943,120.64407661186385,1519.5204838406823,1517.46146832594
652,116.31116704371625,120.64407669802378,1519.520483426881,1517.4614717568252
653,116.31116722237667,120.64407687645785,1519.5204809643349,1517.4614648621762
654,116.31116703419238,120.64407668804651,1519.5204826036272,1517.4614683030422
655,116.31116707278912,120.64407672641646,1519.5204835562413,1517.4614665615827
656,116.31116715634444,120.64407680974503,1519.5204824653026,1517.461467418228
657,116.31116717443955,120.64407682761339,1519.5204813776952,1517.4614682803112
658,116.31116701799252,120.64407667093951,1519.520484362829,1517.4614638992266
659,116.3111671254678,120.64407677818791,1519.52048327555,1517.46146870342
660,116.3111670790957,120.64407673158891,1519.5204835437703,1517.4614708971012
661,116.31116706780193,120.6440767200686,1519.520483136488,1517.4614651607897
662,116.31116710291073,120.6440767549507,1519.5204820561391,1517.4614647012531
663,116.3111670560302,120.64407670784313,1519.5204836713206,1517.461468234084
664,116.3111671478036,120.64407679938978,1519.5204839373844,1517.4614664447581
665,116.31116709148544,120.64407674284503,1519.520482189584,1517.461464645172
666,116.31116708576748,120.64407673690008,1519.5204837973047,1517.461466866465
667,116.31116715515213,120.64407680605804,1519.5204820549277,1517.4614677524191
668,116.31116721490932,120.64407686558842,1519.5204823219003,1517.4614672923979
669,116.31116712127111,120.64407677172346,1519.5204832553945,1517.4614641175303
670,116.31116710570932,120.64407675593482,1519.5204828535136,1517.461466363934
671,116.31116713202532,120.64407678202407,1519.5204824530388,1517.4614658954479
672,116.31116712307862,120.64407677285044,1519.5204833821922,1517.4614681605965
673,116.3111671183077,120.64407676785297,1519.5204816559497,1517.4614649494604
674,116.31116696556693,120.64407661488515,1519.5204825835976,1517.4614699793797
675,116.31116706394636,120.64407671303789,1519.5204821857424,1517.4614681351443
676,116.31116696958195,120.64407661844643,1519.5204857502463,1517.4614676655158
677,116.31116700683161,120.64407665546955,1519.5204827122764,1517.4614671914326
678,116.31116715087569,120.64407679928688,1519.5204823161232,1517.4614667150338
679,116.31116709974806,120.6440767479324,1519.5204832357058,1517.4614662366744
680,116.31116707722428,120.64407672518199,1519.5204815274224,1517.461465754162
681,116.31116709802251,120.64407674575337,1519.5204824453872,1517.4614652689
682,116.3111671000388,120.64407674754285,1519.520482052232,1517.4614661921662
683,116.31116706655624,120.64407671383334,1519.5204836200635,1517.4614671212923
684,116.31116709706262,120.6440767441131,1519.520482573492,1517.461465215172
685,116.31116718856357,120.64407683538724,1519.5204821816567,1517.4614661470882
686,116.31116704193371,120.64407668853059,1519.5204830921275,1517.4614642258123
687,116.31116699260286,120.64407663897275,1519.5204840000208,1517.461468029046
688,116.31116701192057,120.64407665806371,1519.5204836077746,1517.46146754016
689,116.31116710705916,120.6440767529756,1519.5204819210871,1517.4614684913333
690,116.31116706550905,120.64407671119879,1519.520481533243,1517.461466553058
691,116.31116722081329,120.64407686627634,1519.5204811459628,1517.4614646015823
692,116.31116713597113,120.64407678120719,1519.5204820501906,1517.4614684678427
693,116.31116713030593,120.64407677531544,1519.5204810195225,1517.461463586249
694,116.31116704140042,120.64407668618274,1519.5204838505424,1517.4614689410405
695,116.31116708294255,120.64407672749806,1519.520483462238,1517.4614699157617
696,116.3111670947433,120.64407673907226,1519.5204824341215,1517.461464990263
697,116.31116710685409,120.64407675095626,1519.5204820492297,1517.4614659584815
698,116.31116704037329,120.64407668424852,1519.5204835836296,1517.4614669329655
699,116.31116701043497,120.6440766540835,1519.5204825598032,1517.4614664226858
700,116.31116707135746,120.6440767147792,1519.5204815386396,1517.461468901701
701,116.31116706943625,120.64407671263119,1519.520482430564,1517.4614668936124
702,116.31116709151358,120.64407673448163,1519.520482683947,1517.461469390575
703,116.3111671485898,120.64407679133122,1519.5204816672153,1517.4614673697247
704,116.31116709507269,120.64407673758721,1519.520482555023,1517.46146836883
705,116.31116706169546,120.64407670398312,1519.5204828075061,1517.461469375729
706,116.31116700434957,120.6440766464104,1519.5204830591324,1517.4614703881732
707,116.31116701866817,120.64407666050239,1519.520483310037,1517.4614637461066
708,116.31116703575236,120.64407667735979,1519.5204822993303,1517.4614662840754
709,116.3111670813403,120.64407672272083,1519.5204831800697,1517.4614672969938
710,116.31116702902568,120.64407667017947,1519.5204828012338,1517.4614667678966
711,116.31116720459201,120.64407684551934,1519.5204792845614,1517.461464682444
712,116.31116716149646,120.64407680219685,1519.5204814194597,1517.461464141033
713,116.31116704228371,120.64407668275722,1519.5204822968471,1517.4614651608108
714,116.31116705264044,120.64407669288704,1519.520482546298,1517.4614677568377
715,116.31116703151353,120.6440766715332,1519.5204834193123,1517.4614703719635
716,116.31116703201187,120.64407667180478,1519.520483043183,1517.4614698430228
717,116.31116705606847,120.64407669563474,1519.5204826681677,1517.4614661373164
718,116.31116713044031,120.64407676977983,1519.5204816724734,1517.4614671812924
719,116.3111670870922,120.64407672620493,1519.5204819212622,1517.461466635974
720,116.3111670070259,120.64407664591168,1519.5204827890966,1517.4614692929263
721,116.31116697540553,120.64407661406442,1519.520484273714,1517.4614687512433
722,116.3111671941209,120.64407683255344,1519.5204801901677,1517.4614649741766
723,116.31116711160448,120.64407674981017,1519.5204804396362,1517.4614660332265
724,116.31116721008766,120.64407684806656,1519.5204806879995,1517.461465473597
725,116.3111671563744,120.64407679412655,1519.5204803205622,1517.4614649093762
726,116.31116697159808,120.6440766091229,1519.5204854868578,1517.461469258433
727,116.31116715361935,120.64407679091791,1519.520480202087,1517.4614654134662
728,116.31116712226967,120.64407675934143,1519.5204810627486,1517.4614631918978
729,116.31116698084546,120.64407661768989,1519.520484982417,1517.461470896905
730,116.31116713212143,120.64407676873945,1519.5204815543761,1517.4614670165943
731,116.31116705270512,120.6440766890963,1519.5204817991132,1517.461468114661
732,116.31116700927105,120.64407664543523,1519.5204838722614,1517.4614692209916
733,116.31116705612172,120.64407669205922,1519.5204828954054,1517.461468654241
734,116.3111671288729,120.64407676458379,1519.520481921077,1517.461464705952
735,116.31116712645583,120.64407676193987,1519.5204815566997,1517.461467507323
736,116.31116709606239,120.64407673131974,1519.5204805869037,1517.461466926852
737,116.3111670340408,120.64407666907117,1519.5204826479726,1517.4614680504944
738,116.31116703450174,120.64407666930539,1519.5204816793175,1517.461467468382
739,116.31116707454451,120.64407670912144,1519.5204825249955,1517.461463439828
740,116.31116716622068,120.6440768005707,1519.520482162248,1517.4614680177194
741,116.31116703646659,120.64407667058981,1519.5204836076432,1517.46146395988
742,116.31116714267898,120.64407677657557,1519.5204814398326,1517.4614650934352
743,116.31116710140715,120.6440767350767,1519.5204822816074,1517.4614714792515
744,116.31116715332521,120.64407678676821,1519.5204813211062,1517.4614656329609
745,116.31116704231435,120.6440766755303,1519.5204827598825,1517.4614703102
746,116.31116706803749,120.64407670102685,1519.520481801576,1517.4614661804176
747,116.31116713023395,120.64407676299656,1519.5204802482351,1517.4614691217887
748,116.31116699859324,120.6440766311288,1519.5204828760545,1517.4614703032285
749,116.31116710689615,120.64407673920512,1519.52048192104,1517.4614661236894
750,116.31116706294938,120.64407669503154,1519.5204821591683,1517.4614655060088
751,116.31116712997105,120.64407676182638,1519.5204806135932,1517.461472099086
752,116.31116696032517,120.64407659195349,1519.5204844142042,1517.4614678780276
753,116.31116721008692,120.64407684148895,1519.5204799055605,1517.4614636212766
754,116.31116696809866,120.64407659927346,1519.520483105168,1517.461470288567
755,116.31116707812575,120.64407670907374,1519.5204833399514,1517.4614696741296
756,116.31116703930763,120.64407667002898,1519.5204829839242,1517.4614653727772
757,116.31116703211048,120.64407666260493,1519.5204832183776,1517.4614684315413
758,116.31116710483273,120.64407673510068,1519.5204810966586,1517.46146408959
759,116.31116706434247,120.64407669438353,1519.5204813331043,1517.4614671680763
760,116.31116712040989,120.64407675022426,1519.520480981334,1517.4614646566013
761,116.31116709320725,120.64407672279458,1519.520482390335,1517.461469643357
762,116.31116703415991,120.6440766635206,1519.5204826239708,1517.4614633453086
763,116.31116715625238,120.64407678538625,1519.5204816871726,1517.4614664732471
764,116.31116704795768,120.64407667686471,1519.5204819211267,1517.4614677236395
765,116.31116705019372,120.6440766788739,1519.5204827379719,1517.4614670731792
766,116.3111671268312,120.64407675528493,1519.5204800565045,1517.4614625750608
767,116.31116702465347,120.64407665288017,1519.520482037563,1517.4614657540335
768,116.3111670486035,120.64407667660343,1519.5204822698345,1517.46146314923
769,116.31116687044543,120.64407649821838,1519.520484243083,1517.461464412792
770,116.31116709577968,120.64407672332595,1519.520482152904,1517.4614676405756
771,116.31116707472121,120.64407670204068,1519.5204818052832,1517.461468934443
772,116.31116707924775,120.64407670634058,1519.5204814585454,1517.4614643266991
773,116.31116701735849,120.64407664422426,1519.520483999927,1517.4614656173528
774,116.31116703873907,120.64407666537805,1519.5204830745881,1517.461468908346
775,116.31116712283755,120.64407674925003,1519.520480423598,1517.4614662357953
776,116.31116713964809,120.64407676583382,1519.5204800802385,1517.461465546171
777,116.31116717453625,120.64407680049518,1519.5204803125814,1517.4614648498894
778,116.31116721438899,120.64407684012109,1519.5204799703147,1517.461468197373
779,116.31116712480235,120.6440767503075,1519.520482493997,1517.4614654734828
780,116.31116703912956,120.64407666440796,1519.520482150126,1517.4614647677813
781,116.31116710681606,120.64407673186767,1519.520481806622,1517.4614661080186
782,116.31116698903467,120.6440766138594,1519.520483176973,1517.461465398319
783,116.31116694908515,120.64407657368282,1519.5204845436385,1517.4614708973074
784,116.31116710121307,120.6440767255842,1519.520482490492,1517.461468122592
785,116.31116691260365,120.64407653674793,1519.5204838547425,1517.4614653219805
786,116.31116709522728,120.64407671914476,1519.5204818075129,1517.4614729970885
787,116.31116714486876,120.64407676855956,1519.5204814671872,1517.4614701934904
788,116.31116691949455,120.6440765429584,1519.520483960495,1517.4614673626354
789,116.31116705761633,120.64407668085359,1519.520481921138,1517.461466636105
790,116.31116689490534,120.64407651791555,1519.5204844073226,1517.461468043312
791,116.31116709730667,120.64407672009017,1519.5204829368342,1517.461469462578
792,116.31116699220671,120.64407661476348,1519.5204825976757,1517.4614687357137
793,116.31116698173112,120.64407660406104,1519.5204833846822,1517.4614680013137
794,116.31116719700175,120.64407681910536,1519.5204791099718,1517.4614628935667
795,116.31116721502572,120.6440768369025,1519.5204787767125,1517.4614665108882
796,116.3111671811111,120.64407680276098,1519.5204812480395,1517.4614613454767
797,116.31116719687402,120.644076818297,1519.520480912759,1517.4614672048199
798,116.31116716243294,120.64407678362933,1519.5204800190722,1517.4614619921667
799,116.31116712467639,120.64407674564578,1519.5204808037684,1517.461467914283
800,116.31116709960723,120.64407672034997,1519.5204810283608,1517.4614604043954
801,116.31116708110582,120.64407670162157,1519.5204823669094,1517.4614641173603
802,116.31116716124674,120.64407678153586,1519.5204803626157,1517.4614655974074
803,116.31116710128316,120.64407672134537,1519.5204811427332,1517.4614670918754
804,116.31116710223975,120.64407672207517,1519.520481365904,1517.4614663076047
805,116.31116706887173,120.64407668848024,1519.5204821427908,1517.4614678221567
806,116.3111671845577,120.64407680393968,1519.5204801488278,1517.461464714984
807,116.31116707746374,120.64407669661887,1519.5204809256497,1517.4614639058295
808,116.31116700658231,120.6440766255103,1519.520483357623,1517.4614701162777
809,116.31116700520568,120.64407662390707,1519.5204819210626,1517.4614669715727
810,116.31116703163876,120.6440766501135,1519.5204815905656,1517.4614614275397
811,116.31116714643997,120.64407676468798,1519.5204812603795,1517.4614605834136
812,116.31116714039759,120.64407675841873,1519.5204809313843,1517.4614645154472
813,116.31116704796817,120.64407666576243,1519.5204817015128,1517.461466085736
814,116.31116701851035,120.64407663607766,1519.520483017885,1517.4614676719777
815,116.31116688850354,120.64407650584391,1519.5204843312836,1517.4614692762286
816,116.31116731702227,120.64407693413668,1519.5204774350188,1517.4614586710536
817,116.31116718349398,120.64407680038126,1519.5204792982647,1517.4614676188187
818,116.31116709496166,120.64407671162189,1519.5204822485643,1517.461466776325
819,116.3111672541064,120.64407687054003,1519.5204797407068,1517.4614684106887
820,116.31116709284971,120.6440767090564,1519.5204815943978,1517.4614675642188
821,116.31116705550662,120.6440766714864,1519.5204818124716,1517.4614717348347
822,116.31116711408232,120.64407672983552,1519.5204809435174,1517.4614658410333
823,116.31116720758256,120.64407682310912,1519.5204800767365,1517.4614624224055
824,116.31116703440065,120.64407664970025,1519.5204808376936,1517.461466635699
825,116.31116713537297,120.64407675044588,1519.5204799731457,1517.4614657541529
826,116.31116719105108,120.6440768058973,1519.5204796512069,1517.461462275231
827,116.31116703164935,120.64407664626857,1519.5204814893825,1517.4614639600454
828,116.31116707565913,120.6440766900515,1519.5204811661692,1517.4614682805768
829,116.31116714437695,120.64407675854272,1519.5204797670954,1517.46146475597
830,116.31116694629577,120.64407656023435,1519.5204842874932,1517.4614638364146
831,116.31116712267173,120.64407673638392,1519.5204802019869,1517.461462906707
832,116.31116707583485,120.64407668932009,1519.5204814917713,1517.4614646448692
833,116.31116698058433,120.64407659384254,1519.5204833144523,1517.4614690997096
834,116.31116693967299,120.64407655270449,1519.5204824563687,1517.4614681852718
835,116.31116688766538,120.64407650046998,1519.5204837389517,1517.4614672594694
836,116.31116704449103,120.64407665706923,1519.5204807464097,1517.4614608316374
837,116.31116702516948,120.64407663752074,1519.5204809610996,1517.4614681351359
838,116.31116731236405,120.64407692448891,1519.5204785113826,1517.4614588534555
839,116.31116692422002,120.6440765361175,1519.5204829854943,1517.4614690330432
840,116.31116715770507,120.6440767693759,1519.520481070557,1517.4614708965373
841,116.31116717265327,120.64407678409745,1519.5204796917158,1517.461469952672
842,116.31116701880448,120.64407663002162,1519.5204814968579,1517.4614746969985
843,116.3111670219172,120.6440766329077,1519.5204811799472,1517.4614680287386
844,116.31116715080623,120.64407676157008,1519.5204798052991,1517.4614670481196
845,116.31116742059051,120.64407703112796,1519.5204757925057,1517.4614660540915
846,116.31116707411107,120.64407668442118,1519.5204812878599,1517.4614679725505
847,116.31116701514851,120.64407662523163,1519.5204825535584,1517.46147285958
848,116.31116694632823,120.6440765561844,1519.5204838163259,1517.461474848767
849,116.31116703752761,120.64407664715743,1519.5204803435595,1517.4614679144515
850,116.31116723272685,120.64407684213008,1519.5204789798083,1517.4614638897176
851,116.31116718827683,120.64407679745325,1519.5204791932094,1517.4614628354175
852,116.31116706921226,120.6440766781617,1519.52048097799,1517.4614648102145
853,116.31116732324283,120.64407693196581,1519.5204770013165,1517.4614668104023
854,116.31116702811723,120.64407663661297,1519.5204813983623,1517.4614688405848
855,116.31116714823227,120.64407675650146,1519.52047899713,1517.4614677899744
856,116.31116705971961,120.64407666776192,1519.5204802522032,1517.4614667254325
857,116.3111673115211,120.644076919337,1519.5204768159097,1517.461462493886
858,116.31116729442189,120.6440769020108,1519.5204780705415,1517.4614677239242
859,116.31116720314444,120.6440768105065,1519.5204793225303,1517.4614634401244
860,116.31116726935085,120.64407687648607,1519.5204790138991,1517.4614687508608
861,116.31116720058033,120.6440768074887,1519.5204797432043,1517.4614676553877
862,116.31116700532439,120.64407661200582,1519.520481506955,1517.4614665428908
863,116.31116721617526,120.64407682263025,1519.520478610347,1517.4614621240023
864,116.31116712477791,120.64407673100571,1519.5204814041601,1517.4614708967272
865,116.31116735535566,120.64407696135714,1519.5204764501702,1517.4614697830773
866,116.31116709382528,120.64407669959972,1519.520479756023,1517.461465290759
867,116.311166920032,120.6440765255793,1519.5204830540847,1517.461467507515
868,116.31116719172364,120.64407679704449,1519.5204801721825,1517.4614629269638
869,116.3111670630711,120.64407666816491,1519.520481407264,1517.4614720443446
870,116.31116724145846,120.64407684632579,1519.5204790473895,1517.461467428751
871,116.31116713952828,120.64407674416876,1519.5204807933903,1517.4614592449857
872,116.31116728792713,120.64407689234096,1519.5204784393973,1517.4614650249305
873,116.31116691080204,120.64407651498838,1519.5204832507784,1517.4614815510108
874,116.31116701995427,120.6440766239142,1519.5204819210526,1517.4614625464903
875,116.31116700183887,120.64407660557185,1519.5204826354322,1517.4614684909216
876,116.31116730201417,120.6440769055211,1519.5204762131966,1517.461459983919
877,116.31116736636243,120.64407696964233,1519.5204774411463,1517.4614696730716
878,116.31116706130383,120.64407666435653,1519.5204812092459,1517.4614721291327
879,116.31116725376665,120.6440768565929,1519.5204778578236,1517.4614708966913
880,116.31116719863414,120.64407680123355,1519.5204785727728,1517.4614696431556
881,116.31116723337885,120.64407683575158,1519.520478779257,1517.4614607850892
882,116.31116717651534,120.64407677866112,1519.520479491426,1517.4614670725307
883,116.31116727398528,120.64407687590436,1519.5204781792859,1517.461469610406
884,116.31116710607188,120.64407670776396,1519.5204814159958,1517.4614605217641
885,116.31116726912919,120.64407687059476,1519.520478087258,1517.4614630479862
886,116.31116715661862,120.64407675785736,1519.5204793008543,1517.4614576995755
887,116.31116721640463,120.64407681741652,1519.5204790016312,1517.4614642380623
888,116.31116695868971,120.64407655947441,1519.5204827255238,1517.4614668673369
889,116.31116703670106,120.64407663725918,1519.5204804146972,1517.4614695408804
890,116.31116704556332,120.64407664589464,1519.520481118487,1517.4614640563254
891,116.31116688115668,120.6440764812609,1519.5204833241653,1517.4614708970973
892,116.3111671971543,120.64407679703223,1519.520479018155,1517.461465321708
893,116.31116721094538,120.6440768105965,1519.5204787213158,1517.4614680837722
894,116.31116740582571,120.64407700525042,1519.520476427501,1517.4614538520036
895,116.31116727321741,120.64407687241498,1519.5204786286188,1517.4614651604725
896,116.31116711374257,120.64407671271326,1519.5204788318747,1517.4614723446077
897,116.31116726275916,120.644076861503,1519.5204785363935,1517.4614796705735
898,116.3111670684797,120.64407666699681,1519.5204802306425,1517.4614605596728
899,116.3111675206354,120.64407711892633,1519.5204729817785,1517.4614679147367
900,116.31116722059453,120.64407681865818,1519.5204786470185,1517.4614618572325
901,116.31116742754244,120.6440770253797,1519.5204748846575,1517.4614602433853
902,116.31116707928446,120.64407667689417,1519.5204800403176,1517.4614816608241
903,116.31116694822846,120.64407654561143,1519.5204812290488,1517.4614662381719
904,116.3111669392087,120.64407653636464,1519.5204829088666,1517.461474036106
905,116.31116714173461,120.64407673866438,1519.5204791584072,1517.4614486842186
906,116.31116689952933,120.64407649623146,1519.5204837935587,1517.4614853305434
907,116.31116724320401,120.64407683968,1519.5204785737114,1517.4614741385549
908,116.31116706077083,120.64407665701978,1519.5204817243718,1517.4614676191109
909,116.31116721462824,120.64407681065063,1519.52047946512,1517.4614659252113
910,116.31116712238864,120.64407671818424,1519.5204796641765,1517.461464195315
911,116.31116707483845,120.64407667040726,1519.5204803528343,1517.4614573384456
912,116.3111669346359,120.64407652997753,1519.5204829981253,1517.4614708990753
913,116.31116687254442,120.64407646765923,1519.520482703741,1517.4614743672173
914,116.3111668966463,120.64407649153448,1519.5204824095852,1517.4614621240214
915,116.31116695778076,120.64407655244219,1519.5204811405104,1517.461470897022
916,116.31116697045958,120.64407656489401,1519.5204827983298,1517.4614744921967
917,116.31116660690442,120.64407620111172,1519.520486400615,1517.4614727169203
918,116.31116686576607,120.64407645974697,1519.5204841582934,1517.4614543253695
919,116.31116700756954,120.64407660132368,1519.520481435214,1517.4614802194392
920,116.31116699315882,120.64407658668627,1519.5204816299645,1517.4614671217066
921,116.31116693501457,120.64407652831503,1519.520483278539,1517.4614708971612
922,116.31116702975154,120.6440766228255,1519.5204810494295,1517.461463149679
923,116.31116702499696,120.64407661784412,1519.520480276445,1517.4614728595802
924,116.31116676543503,120.6440763580549,1519.5204848204003,1517.4614768632325
925,116.31116697913258,120.64407657152604,1519.520481631512,1517.461468881461
926,116.31116684316072,120.64407643532715,1519.5204842355247,1517.4614668110416
927,116.3111671050147,120.64407669695468,1519.5204800909496,1517.4614771119
928,116.31116693281894,120.64407652453183,1519.5204826907598,1517.461481399651
929,116.3111664812649,120.64407607275031,1519.5204896107584,1517.4614794207007
930,116.31116675405457,120.64407634531372,1519.5204854738163,1517.46146441317
931,116.31116708232645,120.64407667335934,1519.5204799070466,1517.4614687040075
932,116.31116657267138,120.64407616347674,1519.5204872867057,1517.4614664456062
933,116.31116697050223,120.64407656108135,1519.520481251153,1517.4614776779779
934,116.31116655787052,120.64407614822234,1519.520486701772,1517.461468603693
935,116.3111667719517,120.64407636207673,1519.520485932335,1517.461480220837
936,116.31116664026763,120.64407623016581,1519.520486595836,1517.461478001091
937,116.31116718805323,120.6440767777256,1519.5204786807567,1517.4614540578327
938,116.31116706673042,120.64407665617584,1519.520479350728,1517.4614660071973
939,116.31116730469434,120.64407689391321,1519.5204771660913,1517.461463440195
940,116.31116692935139,120.64407651834293,1519.5204825860324,1517.461460784727
941,116.3111674071487,120.64407699591433,1519.5204751833187,1517.46144261124
942,116.31116699939057,120.64407658792867,1519.5204815419331,1517.461455198201
943,116.311167241673,120.64407682998464,1519.5204784172238,1517.4614522539678
944,116.31116713690423,120.64407672498884,1519.520479556143,1517.4614736102287
945,116.31116740409774,120.64407699195606,1519.5204754954739,1517.4614626120533
946,116.31116681006978,120.6440763977003,1519.5204841865445,1517.4614765265937
947,116.31116691795089,120.64407650535476,1519.5204829583722,1517.4614737670147
948,116.31116705349318,120.64407664067056,1519.5204803197307,1517.461470897285
949,116.31116688866827,120.64407647561875,1519.5204819211453,1517.4614589650487
950,116.31116674327711,120.6440763300004,1519.5204853991906,1517.4614648095792
951,116.31116678337665,120.64407636987313,1519.520484174818,1517.4614895397629
952,116.3111674994525,120.64407708572338,1519.520474041585,1517.4614677247155
953,116.31116735578546,120.6440769418293,1519.5204756429212,1517.4614838644193
954,116.31116683186879,120.64407641768528,1519.5204819213302,1517.4614609537537
955,116.31116677814168,120.64407636373109,1519.5204839784026,1517.4614776765836
956,116.31116660976606,120.64407619512849,1519.5204855642278,1517.4614847727762
957,116.3111674462245,120.6440770313614,1519.5204745493047,1517.4614602424454
958,116.31116737941115,120.64407696432106,1519.5204756756307,1517.4614781727817
959,116.31116686338423,120.64407644806661,1519.5204823867837,1517.4614858136588
960,116.31116719686342,120.64407678131946,1519.5204788513508,1517.4614708971612
961,116.31116655814962,120.64407614237797,1519.5204874036187,1517.4614669741525
962,116.3111667393714,120.64407632337314,1519.5204852628522,1517.4614749280051
963,116.31116676543986,120.64407634921506,1519.5204835904533,1517.4614584700842
964,116.3111668657474,120.64407644929585,1519.5204823843942,1517.4614794206632
965,116.31116624787799,120.64407583119856,1519.5204918228862,1517.461501606528
966,116.31116717072146,120.64407675381668,1519.520479055155,1517.461484456433
967,116.31116724114429,120.6440768240129,1519.5204773961268,1517.4614802170083
968,116.31116735685643,120.64407693949839,1519.5204766624972,1517.4614612721023
969,116.3111665060263,120.64407608844013,1519.5204879113594,1517.4615007258517
970,116.31116680831995,120.64407639050734,1519.5204848669775,1517.4614966108038
971,116.31116801634649,120.6440775983094,1519.5204657345857,1517.4614123031504
972,116.31116804734751,120.64407762908341,1519.5204659347778,1517.461470895345
973,116.31116716059907,120.64407674210686,1519.5204789841357,1517.4614479507075
974,116.31116721596783,120.64407679724883,1519.5204773368378,1517.4615126630192
975,116.31116721167074,120.64407679272509,1519.5204770668076,1517.4614708994675
976,116.31116667035703,120.64407625118369,1519.5204850322007,1517.46148386986
977,116.31116759508143,120.64407717568301,1519.5204701302023,1517.4614370025479
978,116.31116700281136,120.64407658318488,1519.5204812819,1517.4614708957558
979,116.3111668352586,120.64407641540507,1519.5204837455406,1517.4614634395696
980,116.3111664335075,120.64407601342673,1519.52048802658,1517.4614552009093
981,116.31116881632062,120.6440783960167,1519.5204540651594,1517.4614708961365
982,116.31116717188121,120.64407675134798,1519.5204774651877,1517.4614621210467
983,116.31116754426276,120.64407712350322,1519.5204735631226,1517.4614242789496
984,116.31116653719499,120.64407611620715,1519.5204878201546,1517.4614112418515
985,116.31116547326775,120.64407505205143,1519.520502501881,1517.4614602416138
986,116.31116970931726,120.64407928788088,1519.5204410735319,1517.4614135250397
987,116.31116812664624,120.6440777049806,1519.5204634633876,1517.4614336073196
988,116.31116589979142,120.64407547789531,1519.5204966544447,1517.4614980084787
989,116.3111677160804,120.64407729396049,1519.5204692796317,1517.4614858111302
990,116.31116564636163,120.64407522401163,1519.52050014277,1517.461421178602
991,116.31116523337928,120.64407481080174,1519.5205061619968,1517.4615081879433
992,116.31116598713263,120.64407556432967,1519.5204941644977,1517.4614282864131
993,116.31117217792001,120.64408175489997,1519.520405297736,1517.4614708854801
994,116.31116844653233,120.64407802327959,1519.5204599094109,1517.461351569822
995,116.31116780973984,120.64407738625917,1519.5204686378238,1517.4617319064787
996,116.31116868063295,120.64407825692695,1519.520456725826,1517.4613217151502
997,116.31116784543909,120.64407742150486,1519.5204685747838,1517.4618437895401
998,116.31115861895941,120.64406819478397,1519.5205994130824,1517.462514990617
